time_utc,tv_signal,mt5_signal,status,tv_recomputed,tv_rule_check,tv_open,tv_high,tv_low,tv_close,mt5_open,mt5_high,mt5_low,mt5_close,close_abs_diff
2026-08-02T21:00:00+00:00,,,AGREE,,UNVERIFIABLE-NO-PREWINDOW,1.15485,1.15509,1.15454,1.1549,1.15469,1.15505,1.15426,1.15467,0.00022999999999995246
2026-08-02T22:00:00+00:00,,,AGREE,,UNVERIFIABLE-NO-PREWINDOW,1.1549,1.1559,1.1547,1.15485,1.1546,1.15589,1.1546,1.15483,1.999999999990898e-05
2026-08-02T23:00:00+00:00,,,AGREE,,UNVERIFIABLE-NO-PREWINDOW,1.15484,1.15512,1.1542,1.15438,1.15481,1.15509,1.1542,1.15437,1.0000000000065512e-05
2026-08-03T00:00:00+00:00,,,AGREE,,UNVERIFIABLE-NO-PREWINDOW,1.15438,1.1556,1.1535,1.15424,1.15436,1.15561,1.15349,1.15425,1.0000000000065512e-05
2026-08-03T01:00:00+00:00,BEAR,BEAR,AGREE,,UNVERIFIABLE-NO-PREWINDOW,1.15426,1.1546,1.153,1.15322,1.15424,1.15458,1.15298,1.15322,0.0
2026-08-03T02:00:00+00:00,,,AGREE,,AGREE,1.15323,1.15354,1.15284,1.1531,1.15322,1.15354,1.15285,1.1531,0.0
2026-08-03T03:00:00+00:00,,,AGREE,,AGREE,1.1531,1.15311,1.1527,1.153,1.1531,1.15311,1.15269,1.15298,2.0000000000131024e-05
2026-08-03T04:00:00+00:00,,,AGREE,,AGREE,1.15298,1.1536,1.1529,1.15342,1.15297,1.15359,1.1529,1.15341,9.999999999843467e-06
2026-08-03T05:00:00+00:00,BULL,BULL,AGREE,BULL,AGREE,1.15342,1.15376,1.15316,1.15372,1.15342,1.15376,1.15317,1.15371,1.0000000000065512e-05
2026-08-03T06:00:00+00:00,,,AGREE,,AGREE,1.15372,1.15388,1.15236,1.1527,1.1537,1.15388,1.15237,1.1527,0.0
2026-08-03T07:00:00+00:00,BEAR,BEAR,AGREE,BEAR,AGREE,1.15268,1.15322,1.15206,1.15261,1.15268,1.15322,1.15206,1.15261,0.0
2026-08-03T08:00:00+00:00,,,AGREE,,AGREE,1.15262,1.15278,1.1521,1.15228,1.15262,1.15276,1.1521,1.15226,1.999999999990898e-05
2026-08-03T09:00:00+00:00,,,AGREE,,AGREE,1.15226,1.15303,1.152,1.15222,1.15224,1.15303,1.15199,1.15221,1.0000000000065512e-05
2026-08-03T10:00:00+00:00,,,AGREE,,AGREE,1.15222,1.15247,1.15169,1.15222,1.15222,1.15247,1.1517,1.15221,1.0000000000065512e-05
2026-08-03T11:00:00+00:00,BULL,BULL,AGREE,BULL,AGREE,1.15221,1.15326,1.15208,1.15325,1.15221,1.15325,1.15206,1.15325,0.0
2026-08-03T12:00:00+00:00,,,AGREE,,AGREE,1.15324,1.15352,1.15228,1.15281,1.15324,1.15352,1.15227,1.15279,1.999999999990898e-05
2026-08-03T13:00:00+00:00,,,AGREE,,AGREE,1.15282,1.15351,1.15218,1.15274,1.1528,1.1535,1.15218,1.15278,3.999999999981796e-05
2026-08-03T14:00:00+00:00,BEAR,BEAR,AGREE,BEAR,AGREE,1.15274,1.15274,1.15102,1.1514,1.15278,1.15278,1.15101,1.1514,0.0
2026-08-03T15:00:00+00:00,,,AGREE,,AGREE,1.15141,1.15142,1.15004,1.15096,1.15139,1.15141,1.15002,1.15094,1.999999999990898e-05
2026-08-03T16:00:00+00:00,,,AGREE,,AGREE,1.15098,1.15105,1.15044,1.15068,1.15096,1.15104,1.15043,1.15068,0.0
2026-08-03T17:00:00+00:00,,,AGREE,,AGREE,1.15069,1.1507,1.15014,1.1502,1.15067,1.15068,1.15012,1.15019,9.999999999843467e-06
2026-08-03T18:00:00+00:00,,,AGREE,,AGREE,1.1502,1.15148,1.15016,1.15136,1.1502,1.15146,1.15015,1.15136,0.0
2026-08-03T19:00:00+00:00,BULL,BULL,AGREE,BULL,AGREE,1.15136,1.15148,1.15094,1.15103,1.15135,1.15147,1.15094,1.15103,0.0
2026-08-03T20:00:00+00:00,,,AGREE,,AGREE,1.15102,1.15108,1.15064,1.15084,1.15102,1.15109,1.15061,1.1508,4.0000000000040004e-05
2026-08-03T21:00:00+00:00,,,AGREE,,AGREE,1.15118,1.15126,1.15073,1.15114,1.15132,1.15134,1.15056,1.1508,0.00034000000000000696
2026-08-03T22:00:00+00:00,BEAR,BEAR,AGREE,BEAR,AGREE,1.15112,1.15112,1.15068,1.15089,1.15071,1.15108,1.15066,1.15089,0.0
2026-08-03T23:00:00+00:00,,,AGREE,,AGREE,1.15088,1.15104,1.15065,1.1507,1.15089,1.15105,1.15062,1.15069,1.0000000000065512e-05
2026-08-04T00:00:00+00:00,,,AGREE,,AGREE,1.1507,1.1515,1.15048,1.15055,1.1507,1.15151,1.15048,1.15056,1.0000000000065512e-05
2026-08-04T01:00:00+00:00,,,AGREE,,AGREE,1.15054,1.15146,1.15022,1.15124,1.15055,1.15146,1.15022,1.15124,0.0
2026-08-04T02:00:00+00:00,BULL,BULL,AGREE,BULL,AGREE,1.15124,1.15139,1.15078,1.15081,1.15123,1.15137,1.15075,1.15079,2.0000000000131024e-05
2026-08-04T03:00:00+00:00,,,AGREE,,AGREE,1.1508,1.15142,1.15075,1.1508,1.15078,1.1514,1.15074,1.15081,1.0000000000065512e-05
2026-08-04T04:00:00+00:00,BEAR,BEAR,AGREE,BEAR,AGREE,1.15081,1.1511,1.15058,1.15104,1.15082,1.15109,1.15058,1.15104,0.0
2026-08-04T05:00:00+00:00,,,AGREE,,AGREE,1.15102,1.15105,1.15038,1.15072,1.15103,1.15104,1.15036,1.15073,1.0000000000065512e-05
2026-08-04T06:00:00+00:00,BULL,BULL,AGREE,BULL,AGREE,1.15073,1.15106,1.15038,1.15074,1.15071,1.15105,1.15037,1.15073,1.0000000000065512e-05
2026-08-04T07:00:00+00:00,BEAR,BEAR,AGREE,BEAR,AGREE,1.15074,1.15172,1.15064,1.15108,1.15074,1.1517,1.15062,1.15109,9.999999999843467e-06
2026-08-04T08:00:00+00:00,,,AGREE,,AGREE,1.15109,1.15144,1.15062,1.15079,1.15108,1.15143,1.15062,1.15078,1.0000000000065512e-05
2026-08-04T09:00:00+00:00,BULL,BULL,AGREE,BULL,AGREE,1.15078,1.15112,1.15032,1.1508,1.15079,1.15112,1.15033,1.1508,0.0
2026-08-04T10:00:00+00:00,,,AGREE,,AGREE,1.1508,1.15189,1.15077,1.15139,1.15081,1.15188,1.15075,1.15139,0.0
2026-08-04T11:00:00+00:00,,,AGREE,,AGREE,1.1514,1.15234,1.15114,1.15162,1.15138,1.15235,1.15115,1.15162,0.0
2026-08-04T12:00:00+00:00,,,AGREE,,AGREE,1.15162,1.15234,1.15134,1.15149,1.15163,1.15232,1.15133,1.15148,9.999999999843467e-06
2026-08-04T13:00:00+00:00,,,AGREE,,AGREE,1.15148,1.15261,1.15093,1.15245,1.15148,1.15261,1.15092,1.15237,8.000000000008001e-05
2026-08-04T14:00:00+00:00,,,AGREE,,AGREE,1.15244,1.15309,1.15189,1.15232,1.15247,1.15309,1.15189,1.15231,1.0000000000065512e-05
2026-08-04T15:00:00+00:00,,,AGREE,,AGREE,1.15232,1.15266,1.15134,1.15262,1.15232,1.15265,1.15132,1.15262,0.0
2026-08-04T16:00:00+00:00,,,AGREE,,AGREE,1.15264,1.15266,1.15166,1.15187,1.15263,1.15266,1.15165,1.15185,1.999999999990898e-05
2026-08-04T17:00:00+00:00,BEAR,BEAR,AGREE,BEAR,AGREE,1.15188,1.15264,1.15186,1.15242,1.15186,1.15264,1.15185,1.1524,1.999999999990898e-05
2026-08-04T18:00:00+00:00,BULL,BULL,AGREE,BULL,AGREE,1.1524,1.15338,1.15228,1.15329,1.15239,1.15337,1.15226,1.15328,9.999999999843467e-06
2026-08-04T19:00:00+00:00,,,AGREE,,AGREE,1.1533,1.15334,1.15296,1.15308,1.15329,1.15335,1.15295,1.15308,0.0
2026-08-04T20:00:00+00:00,,,AGREE,,AGREE,1.15308,1.15341,1.15306,1.15324,1.15306,1.1534,1.15304,1.15309,0.0001500000000000945
2026-08-04T21:00:00+00:00,,,AGREE,,AGREE,1.15286,1.15321,1.15285,1.15297,1.1528,1.15314,1.15273,1.15288,9.000000000014552e-05
2026-08-04T22:00:00+00:00,BEAR,BEAR,AGREE,BEAR,AGREE,1.15298,1.15329,1.15293,1.15329,1.15297,1.1533,1.15296,1.15328,9.999999999843467e-06
2026-08-04T23:00:00+00:00,,BULL,MISMATCH,,AGREE,1.15328,1.15333,1.15299,1.15321,1.15328,1.15333,1.15297,1.15318,2.999999999997449e-05
2026-08-05T00:00:00+00:00,BULL,,MISMATCH,BULL,AGREE,1.15322,1.15356,1.15297,1.15314,1.15319,1.15354,1.15295,1.15314,0.0
2026-08-05T01:00:00+00:00,BEAR,BEAR,AGREE,BEAR,AGREE,1.15315,1.15317,1.15268,1.15271,1.15315,1.15317,1.15268,1.15271,0.0
2026-08-05T02:00:00+00:00,,,AGREE,,AGREE,1.15272,1.15406,1.15268,1.15348,1.15271,1.15406,1.15267,1.15348,0.0
2026-08-05T03:00:00+00:00,BULL,BULL,AGREE,BULL,AGREE,1.15348,1.15404,1.15347,1.15372,1.15348,1.15404,1.15346,1.15372,0.0
2026-08-05T04:00:00+00:00,,,AGREE,,AGREE,1.15373,1.15403,1.15346,1.15362,1.15373,1.15403,1.15346,1.15362,0.0
2026-08-05T05:00:00+00:00,,,AGREE,,AGREE,1.15362,1.15382,1.15318,1.15356,1.15361,1.15379,1.15316,1.15356,0.0
2026-08-05T06:00:00+00:00,,,AGREE,,AGREE,1.15358,1.15459,1.15324,1.15449,1.15361,1.15459,1.15323,1.15447,1.999999999990898e-05
2026-08-05T07:00:00+00:00,,,AGREE,,AGREE,1.15448,1.15468,1.1534,1.1538,1.15446,1.15467,1.15339,1.1538,0.0
2026-08-05T08:00:00+00:00,,,AGREE,,AGREE,1.1538,1.15448,1.15312,1.15356,1.15379,1.15445,1.15312,1.15356,0.0
2026-08-05T09:00:00+00:00,BEAR,BEAR,AGREE,BEAR,AGREE,1.15357,1.15427,1.15336,1.15398,1.15356,1.15426,1.15336,1.15397,1.0000000000065512e-05
2026-08-05T10:00:00+00:00,,,AGREE,,AGREE,1.15398,1.1541,1.15352,1.15396,1.15396,1.15409,1.1535,1.15396,0.0
2026-08-05T11:00:00+00:00,BULL,BULL,AGREE,BULL,AGREE,1.15397,1.15552,1.15397,1.15528,1.15399,1.15553,1.15399,1.15527,1.0000000000065512e-05
2026-08-05T12:00:00+00:00,,,AGREE,,AGREE,1.15527,1.15572,1.15448,1.15456,1.15528,1.15571,1.15448,1.15457,1.0000000000065512e-05
2026-08-05T13:00:00+00:00,,,AGREE,,AGREE,1.15456,1.1554,1.15402,1.15441,1.15456,1.1554,1.15401,1.15442,1.0000000000065512e-05
2026-08-05T14:00:00+00:00,,,AGREE,,AGREE,1.15438,1.1557,1.15422,1.15534,1.15443,1.15569,1.15405,1.15534,0.0
2026-08-05T15:00:00+00:00,BEAR,BEAR,AGREE,BEAR,AGREE,1.15535,1.15566,1.15428,1.1546,1.15535,1.15566,1.15429,1.1546,0.0
2026-08-05T16:00:00+00:00,BULL,BULL,AGREE,BULL,AGREE,1.1546,1.15493,1.15428,1.1546,1.15461,1.15493,1.15426,1.15458,2.0000000000131024e-05
2026-08-05T17:00:00+00:00,,,AGREE,,AGREE,1.1546,1.15573,1.15428,1.15564,1.15459,1.15573,1.15426,1.15563,1.0000000000065512e-05
2026-08-05T18:00:00+00:00,,,AGREE,,AGREE,1.15563,1.15594,1.15532,1.15536,1.15562,1.15595,1.15532,1.15536,0.0
2026-08-05T19:00:00+00:00,,,AGREE,,AGREE,1.15537,1.15549,1.15476,1.15509,1.15535,1.15548,1.15475,1.1551,1.0000000000065512e-05
2026-08-05T20:00:00+00:00,,,AGREE,,AGREE,1.15508,1.15541,1.15492,1.15534,1.15508,1.15542,1.1549,1.15531,2.999999999997449e-05
2026-08-05T21:00:00+00:00,BEAR,BEAR,AGREE,BEAR,AGREE,1.15548,1.15568,1.15526,1.15529,1.15532,1.15567,1.15485,1.15497,0.00031999999999987594
2026-08-05T22:00:00+00:00,BULL,BULL,AGREE,BULL,AGREE,1.15528,1.15552,1.15512,1.15548,1.15508,1.1555,1.15498,1.15546,2.0000000000131024e-05
2026-08-05T23:00:00+00:00,,,AGREE,,AGREE,1.15549,1.15578,1.15542,1.15571,1.15547,1.15578,1.1554,1.1557,1.0000000000065512e-05
2026-08-06T00:00:00+00:00,,,AGREE,,AGREE,1.15572,1.15597,1.15547,1.15564,1.1557,1.15595,1.15546,1.15564,0.0
2026-08-06T01:00:00+00:00,,,AGREE,,AGREE,1.15564,1.15576,1.15536,1.1555,1.15564,1.15574,1.15536,1.15549,1.0000000000065512e-05
2026-08-06T02:00:00+00:00,BEAR,BEAR,AGREE,BEAR,AGREE,1.1555,1.1558,1.15526,1.15536,1.1555,1.1558,1.15524,1.15537,1.0000000000065512e-05
2026-08-06T03:00:00+00:00,,,AGREE,,AGREE,1.15537,1.15539,1.15469,1.15488,1.15537,1.15539,1.15467,1.15487,9.999999999843467e-06
2026-08-06T04:00:00+00:00,,,AGREE,,AGREE,1.15488,1.15496,1.1547,1.15491,1.15488,1.15497,1.1547,1.15491,0.0
2026-08-06T05:00:00+00:00,,,AGREE,,AGREE,1.15492,1.15505,1.15446,1.15494,1.1549,1.15505,1.15445,1.15493,1.0000000000065512e-05
2026-08-06T06:00:00+00:00,,,AGREE,,AGREE,1.15493,1.15516,1.15431,1.15448,1.15494,1.15517,1.1543,1.15447,9.999999999843467e-06
2026-08-06T07:00:00+00:00,,,AGREE,,AGREE,1.15449,1.15466,1.15412,1.15442,1.15448,1.15466,1.1541,1.15441,1.0000000000065512e-05
2026-08-06T08:00:00+00:00,,,AGREE,,AGREE,1.15444,1.15452,1.1539,1.15433,1.15442,1.15451,1.15389,1.15432,1.0000000000065512e-05
2026-08-06T09:00:00+00:00,,,AGREE,,AGREE,1.15432,1.1544,1.15365,1.15385,1.15431,1.1544,1.15364,1.15385,0.0
2026-08-06T10:00:00+00:00,,,AGREE,,AGREE,1.15386,1.15428,1.15365,1.1541,1.15383,1.15428,1.15364,1.15409,9.999999999843467e-06
2026-08-06T11:00:00+00:00,,,AGREE,,AGREE,1.15411,1.15469,1.15377,1.15452,1.1541,1.15468,1.15376,1.15451,1.0000000000065512e-05
2026-08-06T12:00:00+00:00,BULL,BULL,AGREE,BULL,AGREE,1.15452,1.15456,1.15368,1.15386,1.15451,1.15455,1.15367,1.15387,9.999999999843467e-06
2026-08-06T13:00:00+00:00,,,AGREE,,AGREE,1.15388,1.1545,1.15356,1.1543,1.15386,1.1545,1.15356,1.15428,2.0000000000131024e-05
2026-08-06T14:00:00+00:00,BEAR,BEAR,AGREE,BEAR,AGREE,1.1543,1.15442,1.15305,1.15352,1.15429,1.15442,1.15305,1.15352,0.0
2026-08-06T15:00:00+00:00,,,AGREE,,AGREE,1.15352,1.15358,1.1519,1.15207,1.15353,1.15358,1.1519,1.15208,1.0000000000065512e-05
2026-08-06T16:00:00+00:00,,,AGREE,,AGREE,1.15208,1.15228,1.15147,1.15206,1.15208,1.15227,1.15147,1.15205,1.0000000000065512e-05
2026-08-06T17:00:00+00:00,,,AGREE,,AGREE,1.15207,1.15229,1.15176,1.15228,1.15205,1.15228,1.15174,1.15228,0.0
2026-08-06T18:00:00+00:00,,,AGREE,,AGREE,1.15228,1.15248,1.15216,1.15237,1.15228,1.15248,1.15214,1.15237,0.0
2026-08-06T19:00:00+00:00,BULL,BULL,AGREE,BULL,AGREE,1.15238,1.15258,1.15172,1.15233,1.1524,1.15257,1.15171,1.15231,2.0000000000131024e-05
2026-08-06T20:00:00+00:00,,,AGREE,,AGREE,1.15232,1.15246,1.15188,1.15242,1.1523,1.15246,1.15188,1.15246,4.0000000000040004e-05
2026-08-06T21:00:00+00:00,BEAR,BEAR,AGREE,BEAR,AGREE,1.15245,1.15246,1.15197,1.1521,1.15235,1.15237,1.15182,1.15193,0.00017000000000000348
2026-08-06T22:00:00+00:00,,,AGREE,,AGREE,1.15204,1.15233,1.15204,1.15217,1.15203,1.15232,1.15199,1.15216,9.999999999843467e-06
2026-08-06T23:00:00+00:00,,,AGREE,,AGREE,1.15218,1.15244,1.15218,1.15241,1.1522,1.15243,1.15216,1.15241,0.0
2026-08-07T00:00:00+00:00,,,AGREE,,AGREE,1.15239,1.15241,1.1518,1.15191,1.1524,1.15242,1.15179,1.15191,0.0
2026-08-07T01:00:00+00:00,BULL,BULL,AGREE,BULL,AGREE,1.1519,1.15256,1.15184,1.15216,1.15193,1.15255,1.15184,1.15216,0.0
2026-08-07T02:00:00+00:00,BEAR,BEAR,AGREE,BEAR,AGREE,1.15216,1.15236,1.15207,1.15216,1.15216,1.15235,1.15204,1.15213,2.999999999997449e-05
2026-08-07T03:00:00+00:00,BULL,BULL,AGREE,BULL,AGREE,1.15216,1.15234,1.15197,1.15234,1.15212,1.15233,1.15198,1.15233,9.999999999843467e-06
2026-08-07T04:00:00+00:00,,,AGREE,,AGREE,1.15233,1.15244,1.15216,1.15236,1.15232,1.15243,1.15214,1.15234,2.0000000000131024e-05
2026-08-07T05:00:00+00:00,,,AGREE,,AGREE,1.15236,1.15254,1.15208,1.15224,1.15234,1.15255,1.15205,1.15222,1.999999999990898e-05
2026-08-07T06:00:00+00:00,,,AGREE,,AGREE,1.15225,1.1525,1.1521,1.15222,1.1522,1.15251,1.15209,1.15222,0.0
2026-08-07T07:00:00+00:00,BEAR,BEAR,AGREE,BEAR,AGREE,1.15222,1.15244,1.15177,1.15225,1.15221,1.15242,1.15176,1.15223,1.999999999990898e-05
2026-08-07T08:00:00+00:00,,,AGREE,,AGREE,1.15226,1.15253,1.15181,1.15236,1.15223,1.15253,1.15179,1.15236,0.0
2026-08-07T09:00:00+00:00,BULL,BULL,AGREE,BULL,AGREE,1.15235,1.15312,1.1523,1.1529,1.15235,1.15312,1.15229,1.15291,1.0000000000065512e-05
2026-08-07T10:00:00+00:00,,,AGREE,,AGREE,1.1529,1.15292,1.15256,1.1527,1.15289,1.15293,1.15256,1.15269,1.0000000000065512e-05
2026-08-07T11:00:00+00:00,,,AGREE,,AGREE,1.1527,1.15334,1.15266,1.15331,1.1527,1.15333,1.15265,1.1533,1.0000000000065512e-05
2026-08-07T12:00:00+00:00,,,AGREE,,AGREE,1.15332,1.15808,1.15264,1.15727,1.15331,1.15808,1.15264,1.15728,1.0000000000065512e-05
2026-08-07T13:00:00+00:00,,,AGREE,,AGREE,1.15726,1.15754,1.15566,1.15577,1.15726,1.15754,1.15565,1.15575,1.999999999990898e-05
2026-08-07T14:00:00+00:00,,,AGREE,,AGREE,1.15576,1.15643,1.15505,1.15532,1.15576,1.15642,1.15506,1.15531,9.999999999843467e-06
2026-08-07T15:00:00+00:00,,,AGREE,,AGREE,1.15532,1.15638,1.15502,1.15586,1.15531,1.15637,1.15502,1.15586,0.0
2026-08-07T16:00:00+00:00,BEAR,BEAR,AGREE,BEAR,AGREE,1.15586,1.15674,1.15574,1.1559,1.15586,1.15672,1.15574,1.1559,0.0
2026-08-07T17:00:00+00:00,BULL,BULL,AGREE,BULL,AGREE,1.15589,1.15634,1.15575,1.15612,1.15589,1.15635,1.15575,1.15611,1.0000000000065512e-05
2026-08-07T18:00:00+00:00,,,AGREE,,AGREE,1.15613,1.15662,1.1559,1.15652,1.15612,1.15663,1.15587,1.15651,1.0000000000065512e-05
2026-08-07T19:00:00+00:00,,,AGREE,,AGREE,1.15652,1.15702,1.15609,1.15616,1.15649,1.15701,1.15608,1.15615,1.0000000000065512e-05
2026-08-07T20:00:00+00:00,,,AGREE,,AGREE,1.15616,1.15618,1.15558,1.1558,1.15616,1.15618,1.15555,1.15575,4.999999999988347e-05
2026-08-09T21:00:00+00:00,BEAR,BEAR,AGREE,BEAR,AGREE,1.15664,1.15665,1.15604,1.1561,1.15611,1.15672,1.15588,1.156,9.999999999998899e-05
2026-08-09T22:00:00+00:00,,,AGREE,,AGREE,1.1561,1.15622,1.15548,1.15557,1.15602,1.15619,1.15549,1.15555,1.999999999990898e-05
2026-08-09T23:00:00+00:00,,,AGREE,,AGREE,1.15556,1.15583,1.15542,1.15554,1.15554,1.15582,1.15543,1.15554,0.0
2026-08-10T00:00:00+00:00,,,AGREE,,AGREE,1.15555,1.1559,1.1554,1.15582,1.15555,1.15591,1.15541,1.15582,0.0
2026-08-10T01:00:00+00:00,,,AGREE,,AGREE,1.15582,1.15592,1.15519,1.1554,1.15582,1.1559,1.15519,1.1554,0.0
2026-08-10T02:00:00+00:00,,,AGREE,,AGREE,1.1554,1.1555,1.1551,1.15516,1.15539,1.1555,1.15507,1.15514,1.999999999990898e-05
2026-08-10T03:00:00+00:00,,,AGREE,,AGREE,1.15516,1.15529,1.15488,1.15491,1.15515,1.15527,1.15486,1.1549,1.0000000000065512e-05
2026-08-10T04:00:00+00:00,,,AGREE,,AGREE,1.15492,1.15526,1.1548,1.15515,1.15491,1.15526,1.15479,1.15513,1.999999999990898e-05
2026-08-10T05:00:00+00:00,,,AGREE,,AGREE,1.15514,1.15564,1.155,1.15548,1.15514,1.1556,1.155,1.15547,1.0000000000065512e-05
2026-08-10T06:00:00+00:00,BULL,BULL,AGREE,BULL,AGREE,1.15547,1.15577,1.15524,1.1555,1.15543,1.15575,1.15523,1.15549,1.0000000000065512e-05
2026-08-10T07:00:00+00:00,,,AGREE,,AGREE,1.15551,1.15657,1.1552,1.15609,1.15549,1.15654,1.15519,1.15609,0.0
2026-08-10T08:00:00+00:00,,,AGREE,,AGREE,1.1561,1.15658,1.15595,1.15609,1.1561,1.15656,1.15594,1.1561,9.999999999843467e-06
2026-08-10T09:00:00+00:00,,,AGREE,,AGREE,1.1561,1.15638,1.15566,1.15568,1.1561,1.15637,1.15568,1.15568,0.0
2026-08-10T10:00:00+00:00,BEAR,BEAR,AGREE,BEAR,AGREE,1.15568,1.1558,1.15544,1.15554,1.15567,1.1558,1.15543,1.15554,0.0
2026-08-10T11:00:00+00:00,,,AGREE,,AGREE,1.15554,1.15564,1.1549,1.15524,1.15554,1.15564,1.15489,1.15522,2.0000000000131024e-05
2026-08-10T12:00:00+00:00,,,AGREE,,AGREE,1.15522,1.15552,1.1545,1.1547,1.15522,1.15551,1.15454,1.1547,0.0
2026-08-10T13:00:00+00:00,,,AGREE,,AGREE,1.15472,1.15537,1.15438,1.1545,1.15471,1.15536,1.15439,1.15449,1.0000000000065512e-05
2026-08-10T14:00:00+00:00,,,AGREE,,AGREE,1.15451,1.15558,1.15444,1.1552,1.1545,1.15558,1.15443,1.15518,1.999999999990898e-05
2026-08-10T15:00:00+00:00,,,AGREE,,AGREE,1.15518,1.15536,1.15464,1.15516,1.15517,1.15534,1.15463,1.15517,1.0000000000065512e-05
2026-08-10T16:00:00+00:00,BULL,BULL,AGREE,BULL,AGREE,1.15518,1.15542,1.1545,1.1547,1.15516,1.15542,1.1545,1.1547,0.0
2026-08-10T17:00:00+00:00,BEAR,BEAR,AGREE,BEAR,AGREE,1.15471,1.15476,1.1541,1.15428,1.15471,1.15475,1.1541,1.15427,1.0000000000065512e-05
2026-08-10T18:00:00+00:00,,,AGREE,,AGREE,1.15429,1.15449,1.154,1.15422,1.15428,1.15448,1.154,1.15421,1.0000000000065512e-05
2026-08-10T19:00:00+00:00,,,AGREE,,AGREE,1.15422,1.15432,1.15402,1.15415,1.15421,1.15432,1.15401,1.15413,1.999999999990898e-05
2026-08-10T20:00:00+00:00,,,AGREE,,AGREE,1.15416,1.15432,1.15414,1.15425,1.15414,1.15433,1.15414,1.15424,1.0000000000065512e-05
2026-08-10T21:00:00+00:00,,,AGREE,,AGREE,1.15429,1.15436,1.1542,1.15426,1.15415,1.15432,1.15384,1.15427,9.999999999843467e-06
2026-08-10T22:00:00+00:00,BULL,BULL,AGREE,BULL,AGREE,1.15428,1.15446,1.15423,1.15438,1.15425,1.15449,1.15407,1.15438,0.0
2026-08-10T23:00:00+00:00,,,AGREE,,AGREE,1.15438,1.15468,1.15423,1.15462,1.15438,1.15466,1.15423,1.1546,1.999999999990898e-05
2026-08-11T00:00:00+00:00,,,AGREE,,AGREE,1.15462,1.15498,1.15454,1.15462,1.15461,1.15495,1.15453,1.15461,1.0000000000065512e-05
2026-08-11T01:00:00+00:00,,,AGREE,,AGREE,1.15461,1.15498,1.15431,1.15462,1.1546,1.15498,1.15429,1.1546,1.999999999990898e-05
2026-08-11T02:00:00+00:00,BEAR,BEAR,AGREE,BEAR,AGREE,1.15463,1.15464,1.15386,1.15398,1.15461,1.15465,1.15387,1.15398,0.0
2026-08-11T03:00:00+00:00,,,AGREE,,AGREE,1.15398,1.1545,1.15396,1.1543,1.15398,1.15451,1.15395,1.15429,1.0000000000065512e-05
2026-08-11T04:00:00+00:00,,,AGREE,,AGREE,1.1543,1.15452,1.15394,1.15428,1.1543,1.15452,1.15392,1.15428,0.0
2026-08-11T05:00:00+00:00,,,AGREE,,AGREE,1.15428,1.1543,1.15386,1.1541,1.15429,1.1543,1.15385,1.15411,1.0000000000065512e-05
2026-08-11T06:00:00+00:00,,,AGREE,,AGREE,1.15412,1.15434,1.1533,1.15369,1.15414,1.15434,1.15329,1.1537,9.999999999843467e-06
2026-08-11T07:00:00+00:00,,,AGREE,,AGREE,1.1537,1.15402,1.15318,1.15321,1.1537,1.15401,1.15317,1.1532,1.0000000000065512e-05
2026-08-11T08:00:00+00:00,,,AGREE,,AGREE,1.1532,1.15386,1.15314,1.15362,1.15321,1.15386,1.15313,1.15362,0.0
2026-08-11T09:00:00+00:00,,,AGREE,,AGREE,1.15362,1.15374,1.1533,1.15372,1.15361,1.15372,1.15329,1.15371,1.0000000000065512e-05
2026-08-11T10:00:00+00:00,BULL,BULL,AGREE,BULL,AGREE,1.1537,1.15385,1.15334,1.15366,1.1537,1.15383,1.15334,1.15365,9.999999999843467e-06
2026-08-11T11:00:00+00:00,,,AGREE,,AGREE,1.15366,1.15436,1.15346,1.15365,1.15365,1.15436,1.15345,1.15363,2.0000000000131024e-05
2026-08-11T12:00:00+00:00,,,AGREE,,AGREE,1.15365,1.15442,1.15339,1.15415,1.15364,1.15441,1.15338,1.15415,0.0
2026-08-11T13:00:00+00:00,,,AGREE,,AGREE,1.15414,1.15484,1.15391,1.15442,1.15415,1.15484,1.15391,1.15441,1.0000000000065512e-05
2026-08-11T14:00:00+00:00,,,AGREE,,AGREE,1.15441,1.15442,1.15378,1.15426,1.1544,1.1544,1.15377,1.15426,0.0
2026-08-11T15:00:00+00:00,,,AGREE,,AGREE,1.15427,1.15447,1.15366,1.1543,1.15425,1.15446,1.15364,1.15429,1.0000000000065512e-05
2026-08-11T16:00:00+00:00,BEAR,BEAR,AGREE,BEAR,AGREE,1.15431,1.15438,1.15391,1.15394,1.15434,1.15436,1.15391,1.15395,1.0000000000065512e-05
2026-08-11T17:00:00+00:00,,,AGREE,,AGREE,1.15396,1.15402,1.15344,1.1538,1.15396,1.15401,1.15343,1.15379,9.999999999843467e-06
2026-08-11T18:00:00+00:00,,,AGREE,,AGREE,1.1538,1.15422,1.15355,1.15404,1.1538,1.15422,1.15354,1.15405,1.0000000000065512e-05
2026-08-11T19:00:00+00:00,,,AGREE,,AGREE,1.15406,1.1543,1.154,1.15428,1.15404,1.1543,1.15399,1.15427,1.0000000000065512e-05
2026-08-11T20:00:00+00:00,BULL,BULL,AGREE,BULL,AGREE,1.15427,1.15438,1.15394,1.1543,1.15428,1.15438,1.15392,1.15415,0.0001500000000000945
2026-08-11T21:00:00+00:00,,,AGREE,,AGREE,1.1541,1.1542,1.15396,1.15406,1.15402,1.15412,1.15381,1.154,6.000000000017103e-05
2026-08-11T22:00:00+00:00,,,AGREE,,AGREE,1.15405,1.15436,1.15405,1.15434,1.154,1.15435,1.154,1.15434,0.0
2026-08-11T23:00:00+00:00,BEAR,,MISMATCH,BEAR,AGREE,1.15435,1.15438,1.15412,1.15436,1.15435,1.15437,1.15411,1.15436,0.0
2026-08-12T00:00:00+00:00,BULL,,MISMATCH,BULL,AGREE,1.15437,1.15448,1.15396,1.15408,1.15436,1.15447,1.15394,1.15407,1.0000000000065512e-05
2026-08-12T01:00:00+00:00,BEAR,BEAR,AGREE,BEAR,AGREE,1.15408,1.15408,1.15366,1.15384,1.15408,1.15409,1.15365,1.15384,0.0
2026-08-12T02:00:00+00:00,,,AGREE,,AGREE,1.15384,1.15402,1.15352,1.15384,1.15382,1.15398,1.15352,1.15384,0.0
2026-08-12T03:00:00+00:00,,,AGREE,,AGREE,1.15384,1.15386,1.1535,1.15354,1.15383,1.15388,1.15348,1.15353,1.0000000000065512e-05
2026-08-12T04:00:00+00:00,,,AGREE,,AGREE,1.15354,1.15366,1.1533,1.15359,1.15353,1.15363,1.15327,1.15357,1.999999999990898e-05
2026-08-12T05:00:00+00:00,,,AGREE,,AGREE,1.1536,1.1536,1.15322,1.15338,1.15357,1.1536,1.15321,1.15338,0.0
2026-08-12T06:00:00+00:00,,,AGREE,,AGREE,1.15338,1.15374,1.15334,1.15372,1.15337,1.15373,1.15334,1.15372,0.0
2026-08-12T07:00:00+00:00,BULL,BULL,AGREE,BULL,AGREE,1.15372,1.15395,1.15358,1.15374,1.15371,1.15394,1.15358,1.15374,0.0
2026-08-12T08:00:00+00:00,,,AGREE,,AGREE,1.15376,1.15401,1.15346,1.15372,1.15373,1.15401,1.15346,1.15371,1.0000000000065512e-05
2026-08-12T09:00:00+00:00,,,AGREE,,AGREE,1.15374,1.155,1.15348,1.15362,1.15372,1.15498,1.15347,1.1536,2.0000000000131024e-05
2026-08-12T10:00:00+00:00,BEAR,BEAR,AGREE,BEAR,AGREE,1.1536,1.15391,1.15325,1.1535,1.1536,1.1539,1.15325,1.15349,1.0000000000065512e-05
2026-08-12T11:00:00+00:00,BULL,BULL,AGREE,BULL,AGREE,1.1535,1.15455,1.1534,1.15436,1.15349,1.15455,1.15339,1.15435,1.0000000000065512e-05
2026-08-12T12:00:00+00:00,,,AGREE,,AGREE,1.15436,1.15634,1.15328,1.15594,1.15437,1.15623,1.15328,1.15593,1.0000000000065512e-05
2026-08-12T13:00:00+00:00,,,AGREE,,AGREE,1.15596,1.15628,1.1546,1.15522,1.15596,1.15629,1.1546,1.15522,0.0
2026-08-12T14:00:00+00:00,,,AGREE,,AGREE,1.15524,1.15544,1.1539,1.15431,1.15524,1.15544,1.15389,1.1543,9.999999999843467e-06
2026-08-12T15:00:00+00:00,BEAR,BEAR,AGREE,BEAR,AGREE,1.1543,1.1544,1.15352,1.15394,1.1543,1.15439,1.15352,1.15394,0.0
2026-08-12T16:00:00+00:00,,,AGREE,,AGREE,1.15394,1.15402,1.15246,1.15282,1.15394,1.15401,1.15246,1.15281,1.0000000000065512e-05
2026-08-12T17:00:00+00:00,,,AGREE,,AGREE,1.15281,1.15307,1.15214,1.15216,1.1528,1.15307,1.15213,1.15215,1.0000000000065512e-05
2026-08-12T18:00:00+00:00,,,AGREE,,AGREE,1.15216,1.15272,1.15199,1.15211,1.15215,1.15269,1.15198,1.1521,1.0000000000065512e-05
2026-08-12T19:00:00+00:00,,,AGREE,,AGREE,1.15212,1.15248,1.15199,1.15224,1.1521,1.15246,1.15198,1.15224,0.0
2026-08-12T20:00:00+00:00,,,AGREE,,AGREE,1.15226,1.15264,1.15214,1.1525,1.15223,1.15262,1.15214,1.15249,1.0000000000065512e-05
2026-08-12T21:00:00+00:00,BULL,BULL,AGREE,BULL,AGREE,1.15274,1.15285,1.1522,1.15236,1.15262,1.15269,1.15202,1.15219,0.00017000000000000348
2026-08-12T22:00:00+00:00,,,AGREE,,AGREE,1.15232,1.15268,1.15232,1.15267,1.15217,1.15268,1.15217,1.15267,0.0
2026-08-12T23:00:00+00:00,,,AGREE,,AGREE,1.15268,1.1528,1.15263,1.15278,1.15268,1.1528,1.15261,1.15278,0.0
2026-08-13T00:00:00+00:00,,,AGREE,,AGREE,1.15281,1.15314,1.15266,1.15289,1.15278,1.15313,1.15265,1.15288,1.0000000000065512e-05
2026-08-13T01:00:00+00:00,,,AGREE,,AGREE,1.1529,1.1531,1.15236,1.15248,1.15287,1.15311,1.15233,1.15248,0.0
2026-08-13T02:00:00+00:00,BEAR,BEAR,AGREE,BEAR,AGREE,1.15248,1.15256,1.15198,1.15219,1.15248,1.15256,1.15198,1.15218,1.0000000000065512e-05
2026-08-13T03:00:00+00:00,,,AGREE,,AGREE,1.15218,1.15244,1.15202,1.15226,1.15218,1.15241,1.15201,1.15225,1.0000000000065512e-05
2026-08-13T04:00:00+00:00,,,AGREE,,AGREE,1.15226,1.1527,1.152,1.1526,1.15225,1.1527,1.15198,1.15258,2.0000000000131024e-05
2026-08-13T05:00:00+00:00,BULL,BULL,AGREE,BULL,AGREE,1.1526,1.15272,1.15232,1.1525,1.15257,1.15272,1.15233,1.1525,0.0
2026-08-13T06:00:00+00:00,,,AGREE,,AGREE,1.15252,1.15262,1.15118,1.15181,1.15252,1.15261,1.15118,1.15181,0.0
2026-08-13T07:00:00+00:00,BEAR,BEAR,AGREE,BEAR,AGREE,1.15182,1.15278,1.1517,1.15258,1.1518,1.15278,1.15169,1.15256,1.999999999990898e-05
2026-08-13T08:00:00+00:00,,,AGREE,,AGREE,1.15258,1.15286,1.15228,1.15241,1.15257,1.15285,1.15226,1.1524,9.999999999843467e-06
2026-08-13T09:00:00+00:00,BULL,BULL,AGREE,BULL,AGREE,1.15242,1.15348,1.15232,1.15344,1.15241,1.15347,1.15232,1.15342,2.0000000000131024e-05
2026-08-13T10:00:00+00:00,,,AGREE,,AGREE,1.15344,1.15386,1.15338,1.15359,1.15343,1.15386,1.15338,1.15359,0.0
2026-08-13T11:00:00+00:00,,,AGREE,,AGREE,1.15358,1.15386,1.15326,1.15342,1.15358,1.15387,1.15325,1.1534,1.999999999990898e-05
2026-08-13T12:00:00+00:00,,,AGREE,,AGREE,1.15342,1.15444,1.15256,1.15439,1.15342,1.15443,1.15255,1.15438,1.0000000000065512e-05
2026-08-13T13:00:00+00:00,,,AGREE,,AGREE,1.15441,1.15453,1.15306,1.15344,1.1544,1.15452,1.15305,1.15343,1.0000000000065512e-05
2026-08-13T14:00:00+00:00,,,AGREE,,AGREE,1.15344,1.15454,1.15313,1.1544,1.15343,1.15454,1.15314,1.15439,1.0000000000065512e-05
2026-08-13T15:00:00+00:00,BEAR,BEAR,AGREE,BEAR,AGREE,1.1544,1.15456,1.15302,1.15306,1.1544,1.15454,1.15302,1.15306,0.0
2026-08-13T16:00:00+00:00,,,AGREE,,AGREE,1.15306,1.15328,1.15244,1.15296,1.15307,1.15328,1.15242,1.15295,1.0000000000065512e-05
2026-08-13T17:00:00+00:00,,,AGREE,,AGREE,1.15296,1.15316,1.15258,1.15279,1.15294,1.15315,1.15256,1.15279,0.0
2026-08-13T18:00:00+00:00,,,AGREE,,AGREE,1.15278,1.15324,1.15264,1.1529,1.15279,1.15322,1.15262,1.15289,1.0000000000065512e-05
2026-08-13T19:00:00+00:00,,,AGREE,,AGREE,1.15291,1.15314,1.15276,1.15288,1.15289,1.15315,1.15276,1.15288,0.0
2026-08-13T20:00:00+00:00,BULL,,MISMATCH,BULL,AGREE,1.15288,1.153,1.15263,1.15293,1.15287,1.15302,1.15262,1.15276,0.00017000000000000348
2026-08-13T21:00:00+00:00,,,AGREE,,AGREE,1.15286,1.15316,1.15265,1.15283,1.15272,1.15309,1.15247,1.15274,8.999999999992347e-05
2026-08-13T22:00:00+00:00,,,AGREE,,AGREE,1.15284,1.15318,1.15284,1.15316,1.15284,1.15317,1.15273,1.15314,1.999999999990898e-05
2026-08-13T23:00:00+00:00,,BULL,MISMATCH,,AGREE,1.15316,1.15346,1.15316,1.15338,1.15314,1.15344,1.15313,1.15337,1.0000000000065512e-05
2026-08-14T00:00:00+00:00,,,AGREE,,AGREE,1.15336,1.15393,1.15334,1.15384,1.15336,1.1539,1.15333,1.15384,0.0
2026-08-14T01:00:00+00:00,,,AGREE,,AGREE,1.15382,1.15383,1.1532,1.1534,1.15383,1.15383,1.15321,1.1534,0.0
2026-08-14T02:00:00+00:00,,,AGREE,,AGREE,1.15342,1.15374,1.15336,1.15344,1.15341,1.15374,1.15335,1.15342,2.0000000000131024e-05
2026-08-14T03:00:00+00:00,BEAR,BEAR,AGREE,BEAR,AGREE,1.15344,1.15394,1.15339,1.15371,1.15343,1.15395,1.15338,1.15372,1.0000000000065512e-05
2026-08-14T04:00:00+00:00,BULL,BULL,AGREE,BULL,AGREE,1.1537,1.15404,1.15367,1.15388,1.15372,1.15403,1.15366,1.15387,1.0000000000065512e-05
2026-08-14T05:00:00+00:00,,,AGREE,,AGREE,1.15388,1.1543,1.15384,1.15418,1.15388,1.15427,1.15382,1.15418,0.0
2026-08-14T06:00:00+00:00,,,AGREE,,AGREE,1.15421,1.15445,1.15388,1.15444,1.15418,1.15445,1.15388,1.15445,1.0000000000065512e-05
2026-08-14T07:00:00+00:00,,,AGREE,,AGREE,1.15444,1.15514,1.15431,1.15508,1.15444,1.15511,1.1543,1.15509,9.999999999843467e-06
2026-08-14T08:00:00+00:00,,,AGREE,,AGREE,1.15509,1.15576,1.15504,1.15556,1.15508,1.15577,1.15504,1.15558,2.0000000000131024e-05
2026-08-14T09:00:00+00:00,,,AGREE,,AGREE,1.15555,1.1557,1.15511,1.15546,1.15558,1.15569,1.1551,1.15547,1.0000000000065512e-05
2026-08-14T10:00:00+00:00,,,AGREE,,AGREE,1.15547,1.15562,1.15521,1.15556,1.15548,1.15561,1.1552,1.15557,1.0000000000065512e-05
2026-08-14T11:00:00+00:00,,,AGREE,,AGREE,1.15558,1.1572,1.15556,1.15654,1.15556,1.15718,1.15556,1.15653,9.999999999843467e-06
2026-08-14T12:00:00+00:00,,,AGREE,,AGREE,1.15655,1.1579,1.15626,1.1566,1.15654,1.15786,1.15626,1.15659,1.0000000000065512e-05
2026-08-14T13:00:00+00:00,,,AGREE,,AGREE,1.15661,1.15848,1.15622,1.15804,1.1566,1.15846,1.15621,1.15804,0.0
2026-08-14T14:00:00+00:00,,,AGREE,,AGREE,1.15802,1.15854,1.1577,1.15808,1.15805,1.15853,1.15769,1.15806,1.999999999990898e-05
2026-08-14T15:00:00+00:00,,,AGREE,,AGREE,1.15807,1.15852,1.1577,1.15802,1.15809,1.15853,1.1577,1.15803,9.999999999843467e-06
2026-08-14T16:00:00+00:00,,,AGREE,,AGREE,1.15802,1.15819,1.15702,1.15712,1.15804,1.15819,1.15701,1.15711,9.999999999843467e-06
2026-08-14T17:00:00+00:00,BEAR,BEAR,AGREE,BEAR,AGREE,1.15712,1.15715,1.1563,1.15648,1.15712,1.15713,1.15629,1.15648,0.0
2026-08-14T18:00:00+00:00,,,AGREE,,AGREE,1.15649,1.1567,1.15631,1.15656,1.15647,1.15669,1.15632,1.15655,1.0000000000065512e-05
2026-08-14T19:00:00+00:00,,,AGREE,,AGREE,1.15658,1.15691,1.15644,1.15684,1.15654,1.15691,1.15645,1.15684,0.0
2026-08-14T20:00:00+00:00,BULL,BULL,AGREE,BULL,AGREE,1.15686,1.15706,1.15672,1.15704,1.15685,1.15702,1.15669,1.15701,2.999999999997449e-05
2026-08-16T21:00:00+00:00,,,AGREE,,AGREE,1.1564,1.15664,1.1564,1.15656,1.15627,1.15658,1.15608,1.15623,0.00032999999999994145
2026-08-16T22:00:00+00:00,,,AGREE,,AGREE,1.15656,1.15752,1.15656,1.15746,1.15626,1.15752,1.15626,1.15748,2.0000000000131024e-05
2026-08-16T23:00:00+00:00,,,AGREE,,AGREE,1.15747,1.15758,1.15726,1.15737,1.15748,1.15758,1.15726,1.15737,0.0
2026-08-17T00:00:00+00:00,,,AGREE,,AGREE,1.15738,1.1581,1.15738,1.15801,1.15738,1.1581,1.15737,1.15801,0.0
2026-08-17T01:00:00+00:00,,,AGREE,,AGREE,1.15802,1.15836,1.15782,1.15834,1.15802,1.15837,1.1578,1.15835,1.0000000000065512e-05
2026-08-17T02:00:00+00:00,,,AGREE,,AGREE,1.15835,1.15845,1.15791,1.15798,1.15835,1.15844,1.15789,1.15796,1.999999999990898e-05
2026-08-17T03:00:00+00:00,,,AGREE,,AGREE,1.15796,1.15837,1.15786,1.15836,1.15795,1.15836,1.15783,1.15835,1.0000000000065512e-05
2026-08-17T04:00:00+00:00,,,AGREE,,AGREE,1.15836,1.1588,1.15828,1.15848,1.15834,1.1588,1.15826,1.15847,9.999999999843467e-06
2026-08-17T05:00:00+00:00,,,AGREE,,AGREE,1.15848,1.15894,1.15828,1.15873,1.15847,1.15893,1.15826,1.15873,0.0
2026-08-17T06:00:00+00:00,,,AGREE,,AGREE,1.15874,1.15969,1.15836,1.15958,1.15873,1.15968,1.15835,1.15957,1.0000000000065512e-05
2026-08-17T07:00:00+00:00,,,AGREE,,AGREE,1.15958,1.1612,1.15929,1.16065,1.15958,1.16119,1.15927,1.16067,2.0000000000131024e-05
2026-08-17T08:00:00+00:00,,,AGREE,,AGREE,1.16064,1.16142,1.15954,1.15989,1.16065,1.16141,1.15954,1.15989,0.0
2026-08-17T09:00:00+00:00,,,AGREE,,AGREE,1.15989,1.16024,1.1596,1.15968,1.15988,1.16023,1.15959,1.1597,1.999999999990898e-05
2026-08-17T10:00:00+00:00,BEAR,BEAR,AGREE,BEAR,AGREE,1.15968,1.15984,1.15896,1.15905,1.15969,1.15984,1.15894,1.15904,9.999999999843467e-06
2026-08-17T11:00:00+00:00,,,AGREE,,AGREE,1.15904,1.15954,1.15876,1.15924,1.15905,1.15954,1.15876,1.15923,1.0000000000065512e-05
2026-08-17T12:00:00+00:00,,,AGREE,,AGREE,1.15923,1.15977,1.15872,1.15975,1.15923,1.15977,1.15873,1.15975,0.0
2026-08-17T13:00:00+00:00,BULL,BULL,AGREE,BULL,AGREE,1.15976,1.15998,1.15877,1.15946,1.15977,1.15998,1.15876,1.15947,1.0000000000065512e-05
2026-08-17T14:00:00+00:00,,,AGREE,,AGREE,1.15947,1.15992,1.1586,1.15868,1.15948,1.15992,1.1586,1.15868,0.0
2026-08-17T15:00:00+00:00,BEAR,BEAR,AGREE,BEAR,AGREE,1.15867,1.15902,1.15818,1.159,1.15868,1.15901,1.15817,1.159,0.0
2026-08-17T16:00:00+00:00,,,AGREE,,AGREE,1.159,1.15918,1.15852,1.15884,1.15901,1.15918,1.15851,1.15884,0.0
2026-08-17T17:00:00+00:00,,,AGREE,,AGREE,1.15884,1.15897,1.15762,1.15772,1.15883,1.15896,1.1576,1.15771,1.0000000000065512e-05
2026-08-17T18:00:00+00:00,,,AGREE,,AGREE,1.15772,1.15784,1.15711,1.15725,1.15772,1.15785,1.1571,1.15725,0.0
2026-08-17T19:00:00+00:00,,,AGREE,,AGREE,1.15724,1.15806,1.15722,1.15788,1.15729,1.15805,1.15722,1.15788,0.0
2026-08-17T20:00:00+00:00,,,AGREE,,AGREE,1.15787,1.15799,1.15774,1.15796,1.15787,1.15804,1.15771,1.15795,1.0000000000065512e-05
2026-08-17T21:00:00+00:00,BULL,BULL,AGREE,BULL,AGREE,1.15822,1.15829,1.1578,1.15786,1.1583,1.1583,1.15769,1.15772,0.00013999999999980695
2026-08-17T22:00:00+00:00,,,AGREE,,AGREE,1.15784,1.15804,1.15779,1.15787,1.15773,1.15801,1.15771,1.15787,0.0
2026-08-17T23:00:00+00:00,,,AGREE,,AGREE,1.15786,1.15837,1.15782,1.15828,1.15788,1.15837,1.15781,1.15826,1.999999999990898e-05
2026-08-18T00:00:00+00:00,,,AGREE,,AGREE,1.15828,1.1585,1.15778,1.15826,1.15827,1.1585,1.15776,1.15823,2.999999999997449e-05
2026-08-18T01:00:00+00:00,,,AGREE,,AGREE,1.15824,1.15858,1.15788,1.15796,1.15824,1.15857,1.15787,1.15796,0.0
2026-08-18T02:00:00+00:00,,,AGREE,,AGREE,1.15796,1.15804,1.15752,1.15802,1.15796,1.15804,1.1575,1.15802,0.0
2026-08-18T03:00:00+00:00,BEAR,BEAR,AGREE,BEAR,AGREE,1.15802,1.15804,1.15716,1.15732,1.15802,1.15803,1.15715,1.15732,0.0
2026-08-18T04:00:00+00:00,,,AGREE,,AGREE,1.15732,1.15747,1.157,1.15715,1.15733,1.15747,1.15698,1.15713,1.999999999990898e-05
2026-08-18T05:00:00+00:00,,,AGREE,,AGREE,1.15716,1.15743,1.15694,1.1573,1.15712,1.15743,1.15693,1.1573,0.0
2026-08-18T06:00:00+00:00,,,AGREE,,AGREE,1.15732,1.15748,1.15666,1.1572,1.1573,1.15747,1.15665,1.1572,0.0
2026-08-18T07:00:00+00:00,BULL,BULL,AGREE,BULL,AGREE,1.1572,1.15776,1.15694,1.15738,1.1572,1.15776,1.15694,1.15739,9.999999999843467e-06
2026-08-18T08:00:00+00:00,,,AGREE,,AGREE,1.15739,1.15778,1.15692,1.15762,1.1574,1.15776,1.1569,1.15761,1.0000000000065512e-05
2026-08-18T09:00:00+00:00,,,AGREE,,AGREE,1.15762,1.15799,1.15726,1.15792,1.15762,1.15798,1.15726,1.15792,0.0
2026-08-18T10:00:00+00:00,,,AGREE,,AGREE,1.15792,1.15793,1.1574,1.15761,1.15792,1.15793,1.15739,1.1576,1.0000000000065512e-05
2026-08-18T11:00:00+00:00,,,AGREE,,AGREE,1.15762,1.15769,1.15726,1.15767,1.15762,1.15769,1.15725,1.15766,1.0000000000065512e-05
2026-08-18T12:00:00+00:00,BEAR,BEAR,AGREE,BEAR,AGREE,1.15766,1.15794,1.15717,1.1574,1.15767,1.15794,1.15715,1.15741,1.0000000000065512e-05
2026-08-18T13:00:00+00:00,,,AGREE,,AGREE,1.15742,1.1585,1.15706,1.15806,1.1574,1.15849,1.15703,1.15806,0.0
2026-08-18T14:00:00+00:00,BULL,BULL,AGREE,BULL,AGREE,1.15806,1.15884,1.15803,1.1581,1.15806,1.15884,1.15804,1.1581,0.0
2026-08-18T15:00:00+00:00,,,AGREE,,AGREE,1.1581,1.15862,1.15766,1.15792,1.1581,1.15863,1.15763,1.15791,1.0000000000065512e-05
2026-08-18T16:00:00+00:00,,,AGREE,,AGREE,1.15792,1.15856,1.15785,1.15797,1.15792,1.15855,1.15785,1.15795,1.999999999990898e-05
2026-08-18T17:00:00+00:00,BEAR,BEAR,AGREE,BEAR,AGREE,1.15796,1.15804,1.15743,1.15766,1.15796,1.15803,1.15742,1.15766,0.0
2026-08-18T18:00:00+00:00,,,AGREE,,AGREE,1.15764,1.15788,1.15742,1.15756,1.15765,1.15788,1.15741,1.15756,0.0
2026-08-18T19:00:00+00:00,,,AGREE,,AGREE,1.15757,1.15808,1.15739,1.15748,1.15756,1.15808,1.15738,1.15747,1.0000000000065512e-05
2026-08-18T20:00:00+00:00,,,AGREE,,AGREE,1.15746,1.15765,1.15718,1.15752,1.15747,1.15763,1.15716,1.15752,0.0
2026-08-18T21:00:00+00:00,,,AGREE,,AGREE,1.15763,1.15784,1.15744,1.15756,1.15749,1.1578,1.1572,1.15736,0.00019999999999997797
2026-08-18T22:00:00+00:00,BULL,,MISMATCH,BULL,AGREE,1.15752,1.15768,1.15743,1.15764,1.1573,1.15769,1.15729,1.15763,1.0000000000065512e-05
2026-08-18T23:00:00+00:00,,BULL,MISMATCH,,AGREE,1.15763,1.15784,1.15734,1.1576,1.15762,1.15784,1.15733,1.15762,2.0000000000131024e-05
2026-08-19T00:00:00+00:00,,,AGREE,,AGREE,1.15762,1.15818,1.15734,1.15741,1.15763,1.15817,1.15733,1.15741,0.0
2026-08-19T01:00:00+00:00,BEAR,,MISMATCH,BEAR,AGREE,1.15742,1.15779,1.15702,1.15772,1.15739,1.15777,1.15701,1.15772,0.0
2026-08-19T02:00:00+00:00,BULL,,MISMATCH,BULL,AGREE,1.15772,1.15872,1.15766,1.15824,1.15772,1.15872,1.15765,1.15823,9.999999999843467e-06
2026-08-19T03:00:00+00:00,,,AGREE,,AGREE,1.15824,1.15848,1.15812,1.15813,1.15824,1.15849,1.15809,1.15813,0.0
2026-08-19T04:00:00+00:00,,,AGREE,,AGREE,1.15814,1.15868,1.15805,1.15858,1.15813,1.15866,1.15806,1.15858,0.0
2026-08-19T05:00:00+00:00,,,AGREE,,AGREE,1.15858,1.15895,1.15846,1.15886,1.15857,1.15895,1.15845,1.15885,1.0000000000065512e-05
2026-08-19T06:00:00+00:00,,,AGREE,,AGREE,1.15886,1.15988,1.15878,1.15946,1.15884,1.15986,1.15878,1.15946,0.0
2026-08-19T07:00:00+00:00,,,AGREE,,AGREE,1.15947,1.15978,1.15917,1.15966,1.15947,1.15977,1.15915,1.15964,1.999999999990898e-05
2026-08-19T08:00:00+00:00,,,AGREE,,AGREE,1.15966,1.16052,1.15956,1.1598,1.15965,1.16052,1.15954,1.15981,1.0000000000065512e-05
2026-08-19T09:00:00+00:00,,,AGREE,,AGREE,1.15982,1.16082,1.15964,1.16065,1.15981,1.16082,1.15964,1.16065,0.0
2026-08-19T10:00:00+00:00,,,AGREE,,AGREE,1.16064,1.16118,1.16052,1.16066,1.16064,1.16119,1.16051,1.16066,0.0
2026-08-19T11:00:00+00:00,,,AGREE,,AGREE,1.16066,1.16086,1.15994,1.1603,1.16064,1.16086,1.15994,1.16029,1.0000000000065512e-05
2026-08-19T12:00:00+00:00,,,AGREE,,AGREE,1.16029,1.16436,1.16024,1.16356,1.16029,1.16435,1.16024,1.16357,1.0000000000065512e-05
2026-08-19T13:00:00+00:00,,,AGREE,,AGREE,1.16356,1.16597,1.16356,1.16563,1.16356,1.16595,1.16355,1.16564,1.0000000000065512e-05
2026-08-19T14:00:00+00:00,,,AGREE,,AGREE,1.16562,1.16772,1.16538,1.16633,1.16564,1.16771,1.16538,1.16634,9.999999999843467e-06
2026-08-19T15:00:00+00:00,,,AGREE,,AGREE,1.16634,1.16682,1.16566,1.16638,1.16634,1.16681,1.16568,1.16637,1.0000000000065512e-05
2026-08-19T16:00:00+00:00,,,AGREE,,AGREE,1.1664,1.16721,1.16636,1.16684,1.16638,1.16721,1.16634,1.16685,9.999999999843467e-06
2026-08-19T17:00:00+00:00,,,AGREE,,AGREE,1.16685,1.16722,1.16585,1.16592,1.16684,1.16721,1.16584,1.16591,1.0000000000065512e-05
2026-08-19T18:00:00+00:00,,,AGREE,,AGREE,1.1659,1.16752,1.16586,1.16736,1.16591,1.16751,1.16587,1.16736,0.0
2026-08-19T19:00:00+00:00,,,AGREE,,AGREE,1.16736,1.16792,1.167,1.16772,1.16735,1.16791,1.16699,1.16772,0.0
2026-08-19T20:00:00+00:00,,,AGREE,,AGREE,1.16773,1.1679,1.1675,1.16774,1.16773,1.1679,1.1675,1.16769,5.0000000000105516e-05
2026-08-19T21:00:00+00:00,,,AGREE,,AGREE,1.1677,1.16786,1.16752,1.16764,1.16762,1.1679,1.1673,1.16751,0.00012999999999996348
2026-08-19T22:00:00+00:00,,,AGREE,,AGREE,1.16762,1.16808,1.16751,1.16752,1.16754,1.16804,1.16748,1.16751,9.999999999843467e-06
2026-08-19T23:00:00+00:00,BEAR,BEAR,AGREE,BEAR,AGREE,1.16752,1.16776,1.16728,1.16743,1.16752,1.16775,1.16727,1.16743,0.0
2026-08-20T00:00:00+00:00,,,AGREE,,AGREE,1.16744,1.168,1.16722,1.16743,1.16744,1.16799,1.16721,1.16744,1.0000000000065512e-05
2026-08-20T01:00:00+00:00,,,AGREE,,AGREE,1.16744,1.16828,1.167,1.16765,1.16743,1.16825,1.16699,1.16764,1.0000000000065512e-05
2026-08-20T02:00:00+00:00,BULL,BULL,AGREE,BULL,AGREE,1.16766,1.1684,1.16728,1.1675,1.16764,1.16838,1.16727,1.1675,0.0
2026-08-20T03:00:00+00:00,,,AGREE,,AGREE,1.16751,1.16802,1.16744,1.16796,1.16751,1.16801,1.16741,1.16795,1.0000000000065512e-05
2026-08-20T04:00:00+00:00,,,AGREE,,AGREE,1.16795,1.16804,1.16718,1.16729,1.16794,1.16803,1.16715,1.16728,9.999999999843467e-06
2026-08-20T05:00:00+00:00,,,AGREE,,AGREE,1.1673,1.16774,1.16702,1.16762,1.1673,1.16774,1.16701,1.16761,1.0000000000065512e-05
2026-08-20T06:00:00+00:00,,,AGREE,,AGREE,1.16762,1.16884,1.16733,1.1688,1.16762,1.16883,1.16733,1.1688,0.0
2026-08-20T07:00:00+00:00,,,AGREE,,AGREE,1.16879,1.16936,1.16783,1.16926,1.16877,1.16935,1.16782,1.16927,1.0000000000065512e-05
2026-08-20T08:00:00+00:00,,,AGREE,,AGREE,1.16925,1.16999,1.16888,1.16987,1.16926,1.16998,1.16887,1.16985,1.999999999990898e-05
2026-08-20T09:00:00+00:00,,,AGREE,,AGREE,1.16988,1.17097,1.16956,1.1707,1.16986,1.17096,1.16955,1.1707,0.0
2026-08-20T10:00:00+00:00,,,AGREE,,AGREE,1.17069,1.17105,1.16942,1.1697,1.1707,1.17106,1.16942,1.1697,0.0
2026-08-20T11:00:00+00:00,,,AGREE,,AGREE,1.1697,1.16984,1.16827,1.16846,1.16969,1.16981,1.16827,1.16845,1.0000000000065512e-05
2026-08-20T12:00:00+00:00,BEAR,BEAR,AGREE,BEAR,AGREE,1.16849,1.16902,1.16778,1.16887,1.16846,1.16902,1.16778,1.16886,1.0000000000065512e-05
2026-08-20T13:00:00+00:00,,,AGREE,,AGREE,1.16888,1.16948,1.1675,1.16754,1.16888,1.16947,1.16749,1.16753,1.0000000000065512e-05
2026-08-20T14:00:00+00:00,,,AGREE,,AGREE,1.16752,1.16852,1.16708,1.1683,1.16752,1.16852,1.16708,1.16829,9.999999999843467e-06
2026-08-20T15:00:00+00:00,,,AGREE,,AGREE,1.1683,1.16938,1.16722,1.1679,1.16829,1.16937,1.16722,1.1679,0.0
2026-08-20T16:00:00+00:00,,,AGREE,,AGREE,1.16792,1.168,1.16694,1.16733,1.16791,1.16799,1.16692,1.16732,1.0000000000065512e-05
2026-08-20T17:00:00+00:00,,,AGREE,,AGREE,1.16732,1.1675,1.167,1.16745,1.16733,1.16751,1.16701,1.16745,0.0
2026-08-20T18:00:00+00:00,,,AGREE,,AGREE,1.16746,1.16764,1.16708,1.1676,1.16746,1.16765,1.16707,1.16761,1.0000000000065512e-05
2026-08-20T19:00:00+00:00,BULL,BULL,AGREE,BULL,AGREE,1.1676,1.16785,1.16734,1.1678,1.1676,1.16784,1.16732,1.1678,0.0
2026-08-20T20:00:00+00:00,,,AGREE,,AGREE,1.1678,1.16798,1.1676,1.16785,1.16779,1.16798,1.16759,1.16779,5.999999999994898e-05
2026-08-20T21:00:00+00:00,,,AGREE,,AGREE,1.16783,1.16788,1.16771,1.16776,1.16781,1.16792,1.16757,1.16764,0.00011999999999989797
2026-08-20T22:00:00+00:00,,,AGREE,,AGREE,1.16778,1.16843,1.16778,1.16834,1.16761,1.16843,1.16761,1.16833,9.999999999843467e-06
2026-08-20T23:00:00+00:00,,,AGREE,,AGREE,1.16836,1.1688,1.16835,1.16876,1.16833,1.1688,1.16832,1.16875,1.0000000000065512e-05
2026-08-21T00:00:00+00:00,,,AGREE,,AGREE,1.16876,1.16898,1.1683,1.16833,1.16876,1.16898,1.16828,1.16832,1.0000000000065512e-05
2026-08-21T01:00:00+00:00,,,AGREE,,AGREE,1.16832,1.1693,1.1683,1.16904,1.16833,1.1693,1.16828,1.16904,0.0
2026-08-21T02:00:00+00:00,,,AGREE,,AGREE,1.16904,1.1701,1.16881,1.1696,1.16904,1.17008,1.16879,1.16959,1.0000000000065512e-05
2026-08-21T03:00:00+00:00,,,AGREE,,AGREE,1.1696,1.16984,1.16917,1.16942,1.16959,1.16983,1.16915,1.16942,0.0
2026-08-21T04:00:00+00:00,,,AGREE,,AGREE,1.16942,1.16954,1.1691,1.16932,1.16942,1.16954,1.1691,1.16931,9.999999999843467e-06
2026-08-21T05:00:00+00:00,,,AGREE,,AGREE,1.16931,1.16994,1.16902,1.1698,1.16931,1.16993,1.16901,1.16979,9.999999999843467e-06
2026-08-21T06:00:00+00:00,,,AGREE,,AGREE,1.16981,1.16984,1.16903,1.1698,1.1698,1.16983,1.16902,1.1698,0.0
2026-08-21T07:00:00+00:00,,,AGREE,,AGREE,1.1698,1.17004,1.16867,1.1691,1.16979,1.17004,1.16867,1.16908,2.0000000000131024e-05
2026-08-21T08:00:00+00:00,,,AGREE,,AGREE,1.16909,1.17064,1.16892,1.17052,1.16908,1.17063,1.16892,1.17053,1.0000000000065512e-05
2026-08-21T09:00:00+00:00,,,AGREE,,AGREE,1.17052,1.17116,1.17001,1.17002,1.17052,1.17115,1.17,1.17001,1.0000000000065512e-05
2026-08-21T10:00:00+00:00,,,AGREE,,AGREE,1.17003,1.17108,1.16992,1.1702,1.17002,1.17106,1.1699,1.1702,0.0
2026-08-21T11:00:00+00:00,,,AGREE,,AGREE,1.17021,1.17099,1.16963,1.17007,1.17019,1.17097,1.16961,1.17007,0.0
2026-08-21T12:00:00+00:00,BEAR,BEAR,AGREE,BEAR,AGREE,1.17008,1.17032,1.16851,1.16906,1.17008,1.17031,1.16851,1.16905,1.0000000000065512e-05
2026-08-21T13:00:00+00:00,,,AGREE,,AGREE,1.16906,1.16912,1.16788,1.16834,1.16906,1.16912,1.16787,1.16833,9.999999999843467e-06
2026-08-21T14:00:00+00:00,,,AGREE,,AGREE,1.16834,1.16834,1.16688,1.1673,1.16832,1.16833,1.16687,1.1673,0.0
2026-08-21T15:00:00+00:00,,,AGREE,,AGREE,1.16732,1.16839,1.16708,1.16832,1.16728,1.16838,1.16705,1.1683,2.0000000000131024e-05
2026-08-21T16:00:00+00:00,,,AGREE,,AGREE,1.16832,1.16877,1.16796,1.16818,1.16833,1.16876,1.16797,1.16818,0.0
2026-08-21T17:00:00+00:00,BULL,BULL,AGREE,BULL,AGREE,1.16817,1.1683,1.16772,1.16804,1.16818,1.16829,1.16772,1.16803,1.0000000000065512e-05
2026-08-21T18:00:00+00:00,,,AGREE,,AGREE,1.16804,1.16841,1.16802,1.16828,1.16804,1.1684,1.168,1.16827,1.0000000000065512e-05
2026-08-21T19:00:00+00:00,BEAR,BEAR,AGREE,BEAR,AGREE,1.16829,1.16833,1.16778,1.16788,1.16828,1.16831,1.16776,1.16788,0.0
2026-08-21T20:00:00+00:00,,,AGREE,,AGREE,1.1679,1.16792,1.16742,1.16766,1.16787,1.16792,1.16741,1.1675,0.00015999999999993797
2026-08-23T21:00:00+00:00,,,AGREE,,AGREE,1.16766,1.16784,1.16763,1.16772,1.16757,1.16785,1.16741,1.16757,0.0001500000000000945
2026-08-23T22:00:00+00:00,,,AGREE,,AGREE,1.16774,1.16798,1.1673,1.16758,1.1677,1.16799,1.16724,1.16756,2.0000000000131024e-05
2026-08-23T23:00:00+00:00,BULL,BULL,AGREE,BULL,AGREE,1.16757,1.16826,1.16747,1.16824,1.16757,1.16825,1.16745,1.16824,0.0
2026-08-24T00:00:00+00:00,,,AGREE,,AGREE,1.16822,1.16872,1.1682,1.16853,1.16823,1.16871,1.1682,1.16852,1.0000000000065512e-05
2026-08-24T01:00:00+00:00,,,AGREE,,AGREE,1.16852,1.16864,1.16767,1.16818,1.16851,1.16864,1.16765,1.16818,0.0
2026-08-24T02:00:00+00:00,,,AGREE,,AGREE,1.16818,1.16848,1.16795,1.1682,1.16817,1.16848,1.16794,1.16819,9.999999999843467e-06
2026-08-24T03:00:00+00:00,BEAR,BEAR,AGREE,BEAR,AGREE,1.16818,1.16822,1.1678,1.16799,1.16819,1.16821,1.16779,1.16797,2.0000000000131024e-05
2026-08-24T04:00:00+00:00,,,AGREE,,AGREE,1.16798,1.16828,1.16754,1.16828,1.16797,1.16826,1.16752,1.16825,2.999999999997449e-05
2026-08-24T05:00:00+00:00,,,AGREE,,AGREE,1.16829,1.16832,1.16761,1.16806,1.16826,1.1683,1.16758,1.16805,1.0000000000065512e-05
2026-08-24T06:00:00+00:00,,,AGREE,,AGREE,1.16805,1.16809,1.1674,1.16776,1.16803,1.16808,1.1674,1.16777,1.0000000000065512e-05
2026-08-24T07:00:00+00:00,,,AGREE,,AGREE,1.16776,1.16806,1.16646,1.16673,1.16776,1.16805,1.16646,1.16671,2.0000000000131024e-05
2026-08-24T08:00:00+00:00,,,AGREE,,AGREE,1.16674,1.16684,1.16606,1.16632,1.16672,1.16683,1.16605,1.16631,1.0000000000065512e-05
2026-08-24T09:00:00+00:00,,,AGREE,,AGREE,1.16633,1.1667,1.16604,1.16644,1.1663,1.1667,1.16602,1.16644,0.0
2026-08-24T10:00:00+00:00,,,AGREE,,AGREE,1.16644,1.1667,1.1662,1.16644,1.16643,1.16669,1.16619,1.16643,9.999999999843467e-06
2026-08-24T11:00:00+00:00,,BULL,MISMATCH,,AGREE,1.16642,1.16737,1.1663,1.16668,1.16641,1.16735,1.16628,1.16669,1.0000000000065512e-05
2026-08-24T12:00:00+00:00,BULL,,MISMATCH,BULL,AGREE,1.16668,1.1674,1.1662,1.16694,1.16668,1.16737,1.16619,1.16692,2.0000000000131024e-05
2026-08-24T13:00:00+00:00,,,AGREE,,AGREE,1.16695,1.16748,1.16638,1.16652,1.16691,1.16747,1.16637,1.16651,1.0000000000065512e-05
2026-08-24T14:00:00+00:00,,,AGREE,,AGREE,1.16652,1.16721,1.1663,1.16656,1.1665,1.16719,1.1663,1.16655,1.0000000000065512e-05
2026-08-24T15:00:00+00:00,BEAR,BEAR,AGREE,BEAR,AGREE,1.16656,1.16725,1.16638,1.16646,1.16655,1.16724,1.16636,1.16646,0.0
2026-08-24T16:00:00+00:00,,,AGREE,,AGREE,1.16647,1.16698,1.16629,1.16648,1.16645,1.16695,1.16627,1.16649,1.0000000000065512e-05
2026-08-24T17:00:00+00:00,,,AGREE,,AGREE,1.16649,1.16667,1.16553,1.16594,1.1665,1.16667,1.16552,1.16593,1.0000000000065512e-05
2026-08-24T18:00:00+00:00,,,AGREE,,AGREE,1.16594,1.16654,1.16573,1.16639,1.16594,1.16654,1.16571,1.1664,1.0000000000065512e-05
2026-08-24T19:00:00+00:00,,,AGREE,,AGREE,1.16638,1.16638,1.16594,1.16614,1.16639,1.16639,1.16592,1.16613,9.999999999843467e-06
2026-08-24T20:00:00+00:00,BULL,BULL,AGREE,BULL,AGREE,1.16613,1.16643,1.16604,1.1664,1.16613,1.16643,1.16604,1.16635,5.0000000000105516e-05
2026-08-24T21:00:00+00:00,,,AGREE,,AGREE,1.16626,1.16654,1.16618,1.16638,1.16624,1.16652,1.1661,1.16629,8.999999999992347e-05
2026-08-24T22:00:00+00:00,,,AGREE,,AGREE,1.16638,1.16654,1.16636,1.16646,1.16609,1.16652,1.16608,1.16645,1.0000000000065512e-05
2026-08-24T23:00:00+00:00,,,AGREE,,AGREE,1.16646,1.16686,1.16642,1.1668,1.16645,1.16685,1.1664,1.1668,0.0
2026-08-25T00:00:00+00:00,,,AGREE,,AGREE,1.16679,1.1671,1.16672,1.16687,1.1668,1.16709,1.16671,1.16687,0.0
2026-08-25T01:00:00+00:00,,,AGREE,,AGREE,1.16688,1.16688,1.16618,1.16631,1.16687,1.16688,1.16617,1.16631,0.0
2026-08-25T02:00:00+00:00,BEAR,BEAR,AGREE,BEAR,AGREE,1.1663,1.16648,1.16589,1.16606,1.16631,1.16648,1.16588,1.16605,1.0000000000065512e-05
2026-08-25T03:00:00+00:00,,,AGREE,,AGREE,1.16606,1.16624,1.16586,1.16604,1.16605,1.16623,1.16585,1.16604,0.0
2026-08-25T04:00:00+00:00,,,AGREE,,AGREE,1.16603,1.16605,1.16548,1.16558,1.16603,1.16605,1.16548,1.16558,0.0
2026-08-25T05:00:00+00:00,,,AGREE,,AGREE,1.16558,1.16568,1.16531,1.16536,1.16558,1.16567,1.16529,1.16536,0.0
2026-08-25T06:00:00+00:00,,,AGREE,,AGREE,1.16536,1.16592,1.16511,1.16528,1.16534,1.1659,1.16511,1.16527,1.0000000000065512e-05
2026-08-25T07:00:00+00:00,,,AGREE,,AGREE,1.16527,1.16631,1.16526,1.16587,1.16527,1.1663,1.16525,1.16586,1.0000000000065512e-05
2026-08-25T08:00:00+00:00,BULL,BULL,AGREE,BULL,AGREE,1.16588,1.16678,1.16576,1.16676,1.16588,1.16678,1.16575,1.16674,1.999999999990898e-05
2026-08-25T09:00:00+00:00,,,AGREE,,AGREE,1.16674,1.16738,1.16661,1.16681,1.16672,1.16738,1.16659,1.16681,0.0
2026-08-25T10:00:00+00:00,,,AGREE,,AGREE,1.1668,1.16684,1.16592,1.16624,1.1668,1.16684,1.16592,1.16623,9.999999999843467e-06
2026-08-25T11:00:00+00:00,,,AGREE,,AGREE,1.16624,1.16648,1.16584,1.16597,1.16622,1.16647,1.16584,1.16596,9.999999999843467e-06
2026-08-25T12:00:00+00:00,BEAR,BEAR,AGREE,BEAR,AGREE,1.16596,1.16665,1.16596,1.16664,1.16597,1.16664,1.16596,1.16663,9.999999999843467e-06
2026-08-25T13:00:00+00:00,BULL,BULL,AGREE,BULL,AGREE,1.16664,1.16756,1.16643,1.1674,1.16663,1.16754,1.16642,1.16727,0.00012999999999996348
2026-08-25T14:00:00+00:00,,,AGREE,,AGREE,1.16739,1.16748,1.16665,1.16696,1.16727,1.16748,1.1666,1.16696,0.0
2026-08-25T15:00:00+00:00,,,AGREE,,AGREE,1.16696,1.16754,1.16672,1.1673,1.16696,1.16756,1.1667,1.16731,1.0000000000065512e-05
2026-08-25T16:00:00+00:00,,,AGREE,,AGREE,1.1673,1.1674,1.1668,1.16716,1.1673,1.1674,1.16679,1.16713,2.999999999997449e-05
2026-08-25T17:00:00+00:00,,,AGREE,,AGREE,1.16714,1.16747,1.16692,1.16741,1.16714,1.16747,1.16691,1.16742,9.999999999843467e-06
2026-08-25T18:00:00+00:00,,,AGREE,,AGREE,1.16742,1.16752,1.16718,1.16743,1.16743,1.16752,1.16717,1.16741,1.999999999990898e-05
2026-08-25T19:00:00+00:00,,,AGREE,,AGREE,1.16742,1.16792,1.16687,1.16764,1.1674,1.16788,1.16688,1.16762,1.999999999990898e-05
2026-08-25T20:00:00+00:00,,,AGREE,,AGREE,1.16764,1.16798,1.16742,1.16745,1.16763,1.16796,1.16728,1.16735,9.999999999998899e-05
2026-08-25T21:00:00+00:00,,BEAR,MISMATCH,,AGREE,1.16755,1.16772,1.16723,1.16724,1.16749,1.16775,1.16701,1.16727,2.999999999997449e-05
2026-08-25T22:00:00+00:00,BEAR,,MISMATCH,BEAR,AGREE,1.16723,1.16772,1.16723,1.16767,1.16727,1.1677,1.16716,1.16767,0.0
2026-08-25T23:00:00+00:00,,,AGREE,,AGREE,1.16766,1.16769,1.16726,1.16744,1.16766,1.16768,1.16724,1.16744,0.0
2026-08-26T00:00:00+00:00,BULL,BULL,AGREE,BULL,AGREE,1.16744,1.16758,1.16712,1.16726,1.16743,1.16758,1.16709,1.16726,0.0
2026-08-26T01:00:00+00:00,BEAR,BEAR,AGREE,BEAR,AGREE,1.16725,1.16742,1.16689,1.16702,1.16726,1.16741,1.16687,1.16702,0.0
2026-08-26T02:00:00+00:00,,,AGREE,,AGREE,1.16701,1.16729,1.16668,1.16676,1.16703,1.16729,1.16667,1.16675,1.0000000000065512e-05
2026-08-26T03:00:00+00:00,,,AGREE,,AGREE,1.16676,1.16685,1.16639,1.16647,1.16676,1.16684,1.16638,1.16647,0.0
2026-08-26T04:00:00+00:00,,,AGREE,,AGREE,1.16648,1.1665,1.16606,1.1662,1.16647,1.16649,1.16605,1.16621,1.0000000000065512e-05
2026-08-26T05:00:00+00:00,,,AGREE,,AGREE,1.16621,1.1667,1.16606,1.16644,1.16622,1.16669,1.16606,1.16643,9.999999999843467e-06
2026-08-26T06:00:00+00:00,,,AGREE,,AGREE,1.16644,1.16676,1.16598,1.1667,1.16644,1.16674,1.16599,1.16668,2.0000000000131024e-05
2026-08-26T07:00:00+00:00,BULL,BULL,AGREE,BULL,AGREE,1.1667,1.16732,1.1667,1.1671,1.16669,1.16731,1.16669,1.16709,1.0000000000065512e-05
2026-08-26T08:00:00+00:00,,,AGREE,,AGREE,1.16708,1.1677,1.16696,1.16712,1.1671,1.1677,1.16695,1.16712,0.0
2026-08-26T09:00:00+00:00,,,AGREE,,AGREE,1.16712,1.16712,1.16636,1.16661,1.16708,1.16712,1.16635,1.16662,1.0000000000065512e-05
2026-08-26T10:00:00+00:00,BEAR,BEAR,AGREE,BEAR,AGREE,1.1666,1.16663,1.16611,1.16619,1.16661,1.16664,1.1661,1.16619,0.0
2026-08-26T11:00:00+00:00,,,AGREE,,AGREE,1.1662,1.16694,1.16603,1.1669,1.16618,1.16693,1.16602,1.16689,1.0000000000065512e-05
2026-08-26T12:00:00+00:00,,,AGREE,,AGREE,1.16691,1.16753,1.16556,1.1656,1.16689,1.16747,1.16555,1.16559,1.0000000000065512e-05
2026-08-26T13:00:00+00:00,,,AGREE,,AGREE,1.16558,1.1659,1.16516,1.16527,1.1656,1.16588,1.16514,1.16527,0.0
2026-08-26T14:00:00+00:00,,,AGREE,,AGREE,1.16528,1.16534,1.16422,1.16452,1.16528,1.16533,1.1642,1.16451,1.0000000000065512e-05
2026-08-26T15:00:00+00:00,,,AGREE,,AGREE,1.1645,1.16544,1.16449,1.16504,1.16451,1.16543,1.16448,1.16505,9.999999999843467e-06
2026-08-26T16:00:00+00:00,,,AGREE,,AGREE,1.16504,1.16544,1.16488,1.16497,1.16505,1.16543,1.16488,1.16496,1.0000000000065512e-05
2026-08-26T17:00:00+00:00,BULL,BULL,AGREE,BULL,AGREE,1.16496,1.16545,1.16487,1.16528,1.16495,1.16544,1.16486,1.16527,1.0000000000065512e-05
2026-08-26T18:00:00+00:00,,,AGREE,,AGREE,1.16528,1.16545,1.16502,1.16514,1.16527,1.16544,1.165,1.16514,0.0
2026-08-26T19:00:00+00:00,,,AGREE,,AGREE,1.16514,1.16538,1.16502,1.16534,1.16513,1.16538,1.16501,1.16533,1.0000000000065512e-05
2026-08-26T20:00:00+00:00,,,AGREE,,AGREE,1.16535,1.1655,1.16516,1.16534,1.16534,1.1655,1.16509,1.16509,0.0002500000000000835
2026-08-26T21:00:00+00:00,,,AGREE,,AGREE,1.16522,1.16544,1.16501,1.1654,1.16499,1.16542,1.16463,1.16533,7.00000000000145e-05
2026-08-26T22:00:00+00:00,,,AGREE,,AGREE,1.16537,1.16556,1.16535,1.16542,1.16533,1.16551,1.16519,1.1654,1.999999999990898e-05
2026-08-26T23:00:00+00:00,,,AGREE,,AGREE,1.1654,1.16564,1.16538,1.16556,1.16541,1.16564,1.16527,1.16555,9.999999999843467e-06
2026-08-27T00:00:00+00:00,,,AGREE,,AGREE,1.16558,1.16583,1.1654,1.16565,1.16556,1.16582,1.16537,1.16564,1.0000000000065512e-05
2026-08-27T01:00:00+00:00,,,AGREE,,AGREE,1.16566,1.16591,1.16554,1.1658,1.16564,1.1659,1.16552,1.16579,9.999999999843467e-06
2026-08-27T02:00:00+00:00,,,AGREE,,AGREE,1.1658,1.16595,1.16544,1.16557,1.16579,1.16595,1.16544,1.16556,1.0000000000065512e-05
2026-08-27T03:00:00+00:00,BEAR,BEAR,AGREE,BEAR,AGREE,1.16558,1.16564,1.16534,1.16542,1.16555,1.16564,1.16534,1.16543,1.0000000000065512e-05
2026-08-27T04:00:00+00:00,,,AGREE,,AGREE,1.16543,1.1656,1.16541,1.16556,1.16543,1.1656,1.1654,1.16554,1.999999999990898e-05
2026-08-27T05:00:00+00:00,,,AGREE,,AGREE,1.16556,1.16577,1.1652,1.16544,1.16555,1.16576,1.16518,1.16544,0.0
2026-08-27T06:00:00+00:00,,,AGREE,,AGREE,1.16544,1.16558,1.1652,1.16535,1.16543,1.16558,1.1652,1.16535,0.0
2026-08-27T07:00:00+00:00,,,AGREE,,AGREE,1.16534,1.16563,1.16518,1.16549,1.16534,1.16563,1.16518,1.16549,0.0
2026-08-27T08:00:00+00:00,,,AGREE,,AGREE,1.16548,1.1658,1.16477,1.16482,1.16549,1.1658,1.16476,1.16482,0.0
2026-08-27T09:00:00+00:00,,,AGREE,,AGREE,1.16482,1.16485,1.16404,1.16408,1.16481,1.16484,1.16404,1.16408,0.0
2026-08-27T10:00:00+00:00,,,AGREE,,AGREE,1.16408,1.16482,1.16385,1.16397,1.16409,1.16482,1.16384,1.16397,0.0
2026-08-27T11:00:00+00:00,,,AGREE,,AGREE,1.16398,1.16442,1.16366,1.1641,1.16397,1.16441,1.16365,1.16409,9.999999999843467e-06
2026-08-27T12:00:00+00:00,,,AGREE,,AGREE,1.1641,1.16458,1.16397,1.1641,1.16414,1.16457,1.16396,1.16411,1.0000000000065512e-05
2026-08-27T13:00:00+00:00,BULL,BULL,AGREE,BULL,AGREE,1.1641,1.166,1.164,1.1654,1.16411,1.16599,1.164,1.16538,1.999999999990898e-05
2026-08-27T14:00:00+00:00,,,AGREE,,AGREE,1.1654,1.1658,1.16446,1.16448,1.16539,1.1658,1.16445,1.16447,1.0000000000065512e-05
2026-08-27T15:00:00+00:00,,,AGREE,,AGREE,1.16447,1.16543,1.16444,1.16533,1.16446,1.16542,1.16444,1.16532,1.0000000000065512e-05
2026-08-27T16:00:00+00:00,,,AGREE,,AGREE,1.16534,1.16545,1.16493,1.16522,1.16531,1.16545,1.16493,1.1652,1.999999999990898e-05
2026-08-27T17:00:00+00:00,,,AGREE,,AGREE,1.16524,1.1654,1.1647,1.1649,1.16521,1.16539,1.16469,1.1649,0.0
2026-08-27T18:00:00+00:00,,,AGREE,,AGREE,1.16492,1.16501,1.1646,1.16489,1.1649,1.16499,1.1646,1.16488,1.0000000000065512e-05
2026-08-27T19:00:00+00:00,BEAR,BEAR,AGREE,BEAR,AGREE,1.1649,1.16506,1.16474,1.16494,1.16489,1.16505,1.16472,1.16494,0.0
2026-08-27T20:00:00+00:00,,,AGREE,,AGREE,1.16494,1.16525,1.16492,1.16521,1.16493,1.16524,1.1649,1.16515,6.000000000017103e-05
2026-08-27T21:00:00+00:00,BULL,BULL,AGREE,BULL,AGREE,1.16514,1.16542,1.16504,1.1653,1.16505,1.16547,1.16463,1.16465,0.0006500000000000394
2026-08-27T22:00:00+00:00,,,AGREE,,AGREE,1.16529,1.16546,1.1652,1.16534,1.16473,1.16547,1.16473,1.16533,1.0000000000065512e-05
2026-08-27T23:00:00+00:00,,,AGREE,,AGREE,1.16534,1.16548,1.16522,1.16536,1.16534,1.16549,1.16522,1.16536,0.0
2026-08-28T00:00:00+00:00,,,AGREE,,AGREE,1.16536,1.16544,1.16506,1.16532,1.16537,1.16544,1.16504,1.16529,2.999999999997449e-05
2026-08-28T01:00:00+00:00,BEAR,,MISMATCH,BEAR,AGREE,1.16531,1.16554,1.16494,1.16496,1.1653,1.16554,1.16493,1.16497,1.0000000000065512e-05
2026-08-28T02:00:00+00:00,,BEAR,MISMATCH,,AGREE,1.16498,1.16508,1.16463,1.16506,1.16497,1.16508,1.16462,1.16507,1.0000000000065512e-05
2026-08-28T03:00:00+00:00,,,AGREE,,AGREE,1.16508,1.16515,1.16456,1.16463,1.16507,1.16514,1.16454,1.16463,0.0
2026-08-28T04:00:00+00:00,,,AGREE,,AGREE,1.16464,1.16466,1.16449,1.16456,1.16463,1.16466,1.16449,1.16455,1.0000000000065512e-05
2026-08-28T05:00:00+00:00,,,AGREE,,AGREE,1.16455,1.16459,1.16426,1.16444,1.16455,1.16459,1.16425,1.16444,0.0
2026-08-28T06:00:00+00:00,,,AGREE,,AGREE,1.16444,1.16492,1.1643,1.16484,1.16445,1.16492,1.16431,1.16482,2.0000000000131024e-05
2026-08-28T07:00:00+00:00,BULL,BULL,AGREE,BULL,AGREE,1.16484,1.16488,1.16417,1.16465,1.16482,1.16488,1.16417,1.16465,0.0
2026-08-28T08:00:00+00:00,,,AGREE,,AGREE,1.16464,1.16488,1.16418,1.16446,1.16465,1.16489,1.16417,1.16444,2.0000000000131024e-05
2026-08-28T09:00:00+00:00,BEAR,BEAR,AGREE,BEAR,AGREE,1.16444,1.16452,1.16396,1.164,1.16443,1.16451,1.16397,1.16399,9.999999999843467e-06
2026-08-28T10:00:00+00:00,,,AGREE,,AGREE,1.16399,1.16492,1.16394,1.16492,1.16398,1.16491,1.16393,1.16491,1.0000000000065512e-05
2026-08-28T11:00:00+00:00,,,AGREE,,AGREE,1.16491,1.16496,1.16446,1.16452,1.16491,1.16495,1.16444,1.16451,1.0000000000065512e-05
2026-08-28T12:00:00+00:00,BULL,BULL,AGREE,BULL,AGREE,1.16452,1.16505,1.16394,1.16491,1.16453,1.16504,1.16393,1.1649,9.999999999843467e-06
2026-08-28T13:00:00+00:00,BEAR,BEAR,AGREE,BEAR,AGREE,1.1649,1.165,1.16372,1.16376,1.16489,1.165,1.16352,1.16366,9.999999999998899e-05
2026-08-28T14:00:00+00:00,,,AGREE,,AGREE,1.1638,1.16596,1.15942,1.16174,1.16367,1.16584,1.15945,1.16174,0.0
2026-08-28T15:00:00+00:00,,,AGREE,,AGREE,1.16175,1.16207,1.15964,1.15977,1.16174,1.16206,1.15963,1.15977,0.0
2026-08-28T16:00:00+00:00,,,AGREE,,AGREE,1.15976,1.15983,1.15848,1.1587,1.15976,1.15982,1.15846,1.15868,2.0000000000131024e-05
2026-08-28T17:00:00+00:00,,,AGREE,,AGREE,1.15868,1.15892,1.15778,1.15808,1.15866,1.15891,1.15777,1.15808,0.0
2026-08-28T18:00:00+00:00,,,AGREE,,AGREE,1.15808,1.15846,1.15778,1.15805,1.15807,1.15844,1.15776,1.15803,2.0000000000131024e-05
2026-08-28T19:00:00+00:00,,,AGREE,,AGREE,1.15804,1.15878,1.15798,1.1586,1.15802,1.15877,1.15796,1.15858,2.0000000000131024e-05
2026-08-28T20:00:00+00:00,,,AGREE,,AGREE,1.15858,1.15867,1.15796,1.15821,1.15857,1.15866,1.15792,1.1583,9.000000000014552e-05
2026-08-30T21:00:00+00:00,BULL,BULL,AGREE,BULL,AGREE,1.15818,1.15824,1.15782,1.15787,1.15769,1.15807,1.15762,1.15763,0.00024000000000001798
2026-08-30T22:00:00+00:00,BEAR,BEAR,AGREE,BEAR,AGREE,1.15796,1.1585,1.15788,1.15842,1.1577,1.15851,1.15765,1.15843,1.0000000000065512e-05
2026-08-30T23:00:00+00:00,,,AGREE,,AGREE,1.15843,1.15894,1.15836,1.15888,1.15843,1.15893,1.15834,1.15888,0.0
2026-08-31T00:00:00+00:00,BULL,BULL,AGREE,BULL,AGREE,1.1589,1.15938,1.15856,1.15923,1.15888,1.15937,1.15855,1.15921,1.999999999990898e-05
2026-08-31T01:00:00+00:00,,,AGREE,,AGREE,1.15924,1.15946,1.15872,1.15907,1.15922,1.15943,1.15869,1.15906,1.0000000000065512e-05
2026-08-31T02:00:00+00:00,,,AGREE,,AGREE,1.15908,1.15929,1.15882,1.15925,1.15907,1.15928,1.15881,1.15924,9.999999999843467e-06
2026-08-31T03:00:00+00:00,,,AGREE,,AGREE,1.15924,1.15938,1.15893,1.15914,1.15925,1.15937,1.1589,1.15913,1.0000000000065512e-05
2026-08-31T04:00:00+00:00,,,AGREE,,AGREE,1.15914,1.15928,1.15886,1.15909,1.15914,1.15928,1.15885,1.15909,0.0
2026-08-31T05:00:00+00:00,BEAR,BEAR,AGREE,BEAR,AGREE,1.15911,1.15914,1.15874,1.15904,1.1591,1.15913,1.15872,1.15904,0.0
2026-08-31T06:00:00+00:00,,,AGREE,,AGREE,1.15905,1.15914,1.15846,1.15888,1.15905,1.15914,1.15847,1.15889,1.0000000000065512e-05
2026-08-31T07:00:00+00:00,BULL,BULL,AGREE,BULL,AGREE,1.1589,1.16032,1.15848,1.16027,1.15889,1.16033,1.15847,1.16026,9.999999999843467e-06
2026-08-31T08:00:00+00:00,,,AGREE,,AGREE,1.16018,1.1606,1.15931,1.15942,1.16021,1.16058,1.1593,1.1594,1.999999999990898e-05
2026-08-31T09:00:00+00:00,,,AGREE,,AGREE,1.15942,1.16011,1.15942,1.15993,1.15941,1.1601,1.15941,1.15992,9.999999999843467e-06
2026-08-31T10:00:00+00:00,,,AGREE,,AGREE,1.15992,1.16022,1.15967,1.15972,1.15993,1.16021,1.15966,1.15972,0.0
2026-08-31T11:00:00+00:00,BEAR,BEAR,AGREE,BEAR,AGREE,1.15973,1.16029,1.15957,1.15963,1.15971,1.16029,1.15957,1.15964,1.0000000000065512e-05
2026-08-31T12:00:00+00:00,,,AGREE,,AGREE,1.15963,1.16,1.15917,1.15953,1.15963,1.16001,1.15916,1.15953,0.0
2026-08-31T13:00:00+00:00,,,AGREE,,AGREE,1.15954,1.16012,1.15938,1.15996,1.15953,1.1601,1.15937,1.15997,9.999999999843467e-06
2026-08-31T14:00:00+00:00,BULL,BULL,AGREE,BULL,AGREE,1.15998,1.16182,1.15953,1.1614,1.15998,1.16182,1.15951,1.16141,1.0000000000065512e-05
2026-08-31T15:00:00+00:00,,,AGREE,,AGREE,1.1614,1.16207,1.16124,1.16165,1.16141,1.16207,1.16122,1.16164,1.0000000000065512e-05
2026-08-31T16:00:00+00:00,,,AGREE,,AGREE,1.16164,1.16178,1.16138,1.16166,1.16165,1.16178,1.16137,1.16164,1.999999999990898e-05
2026-08-31T17:00:00+00:00,,,AGREE,,AGREE,1.16165,1.16179,1.16146,1.16154,1.16165,1.16179,1.16145,1.16154,0.0
2026-08-31T18:00:00+00:00,,,AGREE,,AGREE,1.16154,1.16176,1.16146,1.16156,1.16153,1.16177,1.16144,1.16155,9.999999999843467e-06
2026-08-31T19:00:00+00:00,BEAR,BEAR,AGREE,BEAR,AGREE,1.16156,1.16184,1.16146,1.16164,1.16156,1.16184,1.16145,1.16163,1.0000000000065512e-05
2026-08-31T20:00:00+00:00,BULL,BULL,AGREE,BULL,AGREE,1.16166,1.1618,1.16144,1.16172,1.16164,1.1618,1.16142,1.1617,2.0000000000131024e-05
2026-08-31T21:00:00+00:00,,,AGREE,,AGREE,1.16178,1.1619,1.1617,1.1618,1.16172,1.16185,1.16152,1.16177,2.999999999997449e-05
2026-08-31T22:00:00+00:00,,,AGREE,,AGREE,1.16188,1.16194,1.16142,1.16149,1.16187,1.16189,1.16141,1.16149,0.0
2026-08-31T23:00:00+00:00,,,AGREE,,AGREE,1.1615,1.16184,1.16125,1.16183,1.16149,1.16183,1.16126,1.16183,0.0
