time_mt5,open,high,low,close,direction
2026.08.03 00:00:00,1.15469,1.15505,1.15426,1.15467,
2026.08.03 01:00:00,1.15460,1.15589,1.15460,1.15483,
2026.08.03 02:00:00,1.15481,1.15509,1.15420,1.15437,
2026.08.03 03:00:00,1.15436,1.15561,1.15349,1.15425,
2026.08.03 04:00:00,1.15424,1.15458,1.15298,1.15322,BEAR
2026.08.03 05:00:00,1.15322,1.15354,1.15285,1.15310,
2026.08.03 06:00:00,1.15310,1.15311,1.15269,1.15298,
2026.08.03 07:00:00,1.15297,1.15359,1.15290,1.15341,
2026.08.03 08:00:00,1.15342,1.15376,1.15317,1.15371,BULL
2026.08.03 09:00:00,1.15370,1.15388,1.15237,1.15270,
2026.08.03 10:00:00,1.15268,1.15322,1.15206,1.15261,BEAR
2026.08.03 11:00:00,1.15262,1.15276,1.15210,1.15226,
2026.08.03 12:00:00,1.15224,1.15303,1.15199,1.15221,
2026.08.03 13:00:00,1.15222,1.15247,1.15170,1.15221,
2026.08.03 14:00:00,1.15221,1.15325,1.15206,1.15325,BULL
2026.08.03 15:00:00,1.15324,1.15352,1.15227,1.15279,
2026.08.03 16:00:00,1.15280,1.15350,1.15218,1.15278,
2026.08.03 17:00:00,1.15278,1.15278,1.15101,1.15140,BEAR
2026.08.03 18:00:00,1.15139,1.15141,1.15002,1.15094,
2026.08.03 19:00:00,1.15096,1.15104,1.15043,1.15068,
2026.08.03 20:00:00,1.15067,1.15068,1.15012,1.15019,
2026.08.03 21:00:00,1.15020,1.15146,1.15015,1.15136,
2026.08.03 22:00:00,1.15135,1.15147,1.15094,1.15103,BULL
2026.08.03 23:00:00,1.15102,1.15109,1.15061,1.15080,
2026.08.04 00:00:00,1.15132,1.15134,1.15056,1.15080,
2026.08.04 01:00:00,1.15071,1.15108,1.15066,1.15089,BEAR
2026.08.04 02:00:00,1.15089,1.15105,1.15062,1.15069,
2026.08.04 03:00:00,1.15070,1.15151,1.15048,1.15056,
2026.08.04 04:00:00,1.15055,1.15146,1.15022,1.15124,
2026.08.04 05:00:00,1.15123,1.15137,1.15075,1.15079,BULL
2026.08.04 06:00:00,1.15078,1.15140,1.15074,1.15081,
2026.08.04 07:00:00,1.15082,1.15109,1.15058,1.15104,BEAR
2026.08.04 08:00:00,1.15103,1.15104,1.15036,1.15073,
2026.08.04 09:00:00,1.15071,1.15105,1.15037,1.15073,BULL
2026.08.04 10:00:00,1.15074,1.15170,1.15062,1.15109,BEAR
2026.08.04 11:00:00,1.15108,1.15143,1.15062,1.15078,
2026.08.04 12:00:00,1.15079,1.15112,1.15033,1.15080,BULL
2026.08.04 13:00:00,1.15081,1.15188,1.15075,1.15139,
2026.08.04 14:00:00,1.15138,1.15235,1.15115,1.15162,
2026.08.04 15:00:00,1.15163,1.15232,1.15133,1.15148,
2026.08.04 16:00:00,1.15148,1.15261,1.15092,1.15237,
2026.08.04 17:00:00,1.15247,1.15309,1.15189,1.15231,
2026.08.04 18:00:00,1.15232,1.15265,1.15132,1.15262,
2026.08.04 19:00:00,1.15263,1.15266,1.15165,1.15185,
2026.08.04 20:00:00,1.15186,1.15264,1.15185,1.15240,BEAR
2026.08.04 21:00:00,1.15239,1.15337,1.15226,1.15328,BULL
2026.08.04 22:00:00,1.15329,1.15335,1.15295,1.15308,
2026.08.04 23:00:00,1.15306,1.15340,1.15304,1.15309,
2026.08.05 00:00:00,1.15280,1.15314,1.15273,1.15288,
2026.08.05 01:00:00,1.15297,1.15330,1.15296,1.15328,BEAR
2026.08.05 02:00:00,1.15328,1.15333,1.15297,1.15318,BULL
2026.08.05 03:00:00,1.15319,1.15354,1.15295,1.15314,
2026.08.05 04:00:00,1.15315,1.15317,1.15268,1.15271,BEAR
2026.08.05 05:00:00,1.15271,1.15406,1.15267,1.15348,
2026.08.05 06:00:00,1.15348,1.15404,1.15346,1.15372,BULL
2026.08.05 07:00:00,1.15373,1.15403,1.15346,1.15362,
2026.08.05 08:00:00,1.15361,1.15379,1.15316,1.15356,
2026.08.05 09:00:00,1.15361,1.15459,1.15323,1.15447,
2026.08.05 10:00:00,1.15446,1.15467,1.15339,1.15380,
2026.08.05 11:00:00,1.15379,1.15445,1.15312,1.15356,
2026.08.05 12:00:00,1.15356,1.15426,1.15336,1.15397,BEAR
2026.08.05 13:00:00,1.15396,1.15409,1.15350,1.15396,
2026.08.05 14:00:00,1.15399,1.15553,1.15399,1.15527,BULL
2026.08.05 15:00:00,1.15528,1.15571,1.15448,1.15457,
2026.08.05 16:00:00,1.15456,1.15540,1.15401,1.15442,
2026.08.05 17:00:00,1.15443,1.15569,1.15405,1.15534,
2026.08.05 18:00:00,1.15535,1.15566,1.15429,1.15460,BEAR
2026.08.05 19:00:00,1.15461,1.15493,1.15426,1.15458,BULL
2026.08.05 20:00:00,1.15459,1.15573,1.15426,1.15563,
2026.08.05 21:00:00,1.15562,1.15595,1.15532,1.15536,
2026.08.05 22:00:00,1.15535,1.15548,1.15475,1.15510,
2026.08.05 23:00:00,1.15508,1.15542,1.15490,1.15531,
2026.08.06 00:00:00,1.15532,1.15567,1.15485,1.15497,BEAR
2026.08.06 01:00:00,1.15508,1.15550,1.15498,1.15546,BULL
2026.08.06 02:00:00,1.15547,1.15578,1.15540,1.15570,
2026.08.06 03:00:00,1.15570,1.15595,1.15546,1.15564,
2026.08.06 04:00:00,1.15564,1.15574,1.15536,1.15549,
2026.08.06 05:00:00,1.15550,1.15580,1.15524,1.15537,BEAR
2026.08.06 06:00:00,1.15537,1.15539,1.15467,1.15487,
2026.08.06 07:00:00,1.15488,1.15497,1.15470,1.15491,
2026.08.06 08:00:00,1.15490,1.15505,1.15445,1.15493,
2026.08.06 09:00:00,1.15494,1.15517,1.15430,1.15447,
2026.08.06 10:00:00,1.15448,1.15466,1.15410,1.15441,
2026.08.06 11:00:00,1.15442,1.15451,1.15389,1.15432,
2026.08.06 12:00:00,1.15431,1.15440,1.15364,1.15385,
2026.08.06 13:00:00,1.15383,1.15428,1.15364,1.15409,
2026.08.06 14:00:00,1.15410,1.15468,1.15376,1.15451,
2026.08.06 15:00:00,1.15451,1.15455,1.15367,1.15387,BULL
2026.08.06 16:00:00,1.15386,1.15450,1.15356,1.15428,
2026.08.06 17:00:00,1.15429,1.15442,1.15305,1.15352,BEAR
2026.08.06 18:00:00,1.15353,1.15358,1.15190,1.15208,
2026.08.06 19:00:00,1.15208,1.15227,1.15147,1.15205,
2026.08.06 20:00:00,1.15205,1.15228,1.15174,1.15228,
2026.08.06 21:00:00,1.15228,1.15248,1.15214,1.15237,
2026.08.06 22:00:00,1.15240,1.15257,1.15171,1.15231,BULL
2026.08.06 23:00:00,1.15230,1.15246,1.15188,1.15246,
2026.08.07 00:00:00,1.15235,1.15237,1.15182,1.15193,BEAR
2026.08.07 01:00:00,1.15203,1.15232,1.15199,1.15216,
2026.08.07 02:00:00,1.15220,1.15243,1.15216,1.15241,
2026.08.07 03:00:00,1.15240,1.15242,1.15179,1.15191,
2026.08.07 04:00:00,1.15193,1.15255,1.15184,1.15216,BULL
2026.08.07 05:00:00,1.15216,1.15235,1.15204,1.15213,BEAR
2026.08.07 06:00:00,1.15212,1.15233,1.15198,1.15233,BULL
2026.08.07 07:00:00,1.15232,1.15243,1.15214,1.15234,
2026.08.07 08:00:00,1.15234,1.15255,1.15205,1.15222,
2026.08.07 09:00:00,1.15220,1.15251,1.15209,1.15222,
2026.08.07 10:00:00,1.15221,1.15242,1.15176,1.15223,BEAR
2026.08.07 11:00:00,1.15223,1.15253,1.15179,1.15236,
2026.08.07 12:00:00,1.15235,1.15312,1.15229,1.15291,BULL
2026.08.07 13:00:00,1.15289,1.15293,1.15256,1.15269,
2026.08.07 14:00:00,1.15270,1.15333,1.15265,1.15330,
2026.08.07 15:00:00,1.15331,1.15808,1.15264,1.15728,
2026.08.07 16:00:00,1.15726,1.15754,1.15565,1.15575,
2026.08.07 17:00:00,1.15576,1.15642,1.15506,1.15531,
2026.08.07 18:00:00,1.15531,1.15637,1.15502,1.15586,
2026.08.07 19:00:00,1.15586,1.15672,1.15574,1.15590,BEAR
2026.08.07 20:00:00,1.15589,1.15635,1.15575,1.15611,BULL
2026.08.07 21:00:00,1.15612,1.15663,1.15587,1.15651,
2026.08.07 22:00:00,1.15649,1.15701,1.15608,1.15615,
2026.08.07 23:00:00,1.15616,1.15618,1.15555,1.15575,
2026.08.10 00:00:00,1.15611,1.15672,1.15588,1.15600,BEAR
2026.08.10 01:00:00,1.15602,1.15619,1.15549,1.15555,
2026.08.10 02:00:00,1.15554,1.15582,1.15543,1.15554,
2026.08.10 03:00:00,1.15555,1.15591,1.15541,1.15582,
2026.08.10 04:00:00,1.15582,1.15590,1.15519,1.15540,
2026.08.10 05:00:00,1.15539,1.15550,1.15507,1.15514,
2026.08.10 06:00:00,1.15515,1.15527,1.15486,1.15490,
2026.08.10 07:00:00,1.15491,1.15526,1.15479,1.15513,
2026.08.10 08:00:00,1.15514,1.15560,1.15500,1.15547,
2026.08.10 09:00:00,1.15543,1.15575,1.15523,1.15549,BULL
2026.08.10 10:00:00,1.15549,1.15654,1.15519,1.15609,
2026.08.10 11:00:00,1.15610,1.15656,1.15594,1.15610,
2026.08.10 12:00:00,1.15610,1.15637,1.15568,1.15568,
2026.08.10 13:00:00,1.15567,1.15580,1.15543,1.15554,BEAR
2026.08.10 14:00:00,1.15554,1.15564,1.15489,1.15522,
2026.08.10 15:00:00,1.15522,1.15551,1.15454,1.15470,
2026.08.10 16:00:00,1.15471,1.15536,1.15439,1.15449,
2026.08.10 17:00:00,1.15450,1.15558,1.15443,1.15518,
2026.08.10 18:00:00,1.15517,1.15534,1.15463,1.15517,
2026.08.10 19:00:00,1.15516,1.15542,1.15450,1.15470,BULL
2026.08.10 20:00:00,1.15471,1.15475,1.15410,1.15427,BEAR
2026.08.10 21:00:00,1.15428,1.15448,1.15400,1.15421,
2026.08.10 22:00:00,1.15421,1.15432,1.15401,1.15413,
2026.08.10 23:00:00,1.15414,1.15433,1.15414,1.15424,
2026.08.11 00:00:00,1.15415,1.15432,1.15384,1.15427,
2026.08.11 01:00:00,1.15425,1.15449,1.15407,1.15438,BULL
2026.08.11 02:00:00,1.15438,1.15466,1.15423,1.15460,
2026.08.11 03:00:00,1.15461,1.15495,1.15453,1.15461,
2026.08.11 04:00:00,1.15460,1.15498,1.15429,1.15460,
2026.08.11 05:00:00,1.15461,1.15465,1.15387,1.15398,BEAR
2026.08.11 06:00:00,1.15398,1.15451,1.15395,1.15429,
2026.08.11 07:00:00,1.15430,1.15452,1.15392,1.15428,
2026.08.11 08:00:00,1.15429,1.15430,1.15385,1.15411,
2026.08.11 09:00:00,1.15414,1.15434,1.15329,1.15370,
2026.08.11 10:00:00,1.15370,1.15401,1.15317,1.15320,
2026.08.11 11:00:00,1.15321,1.15386,1.15313,1.15362,
2026.08.11 12:00:00,1.15361,1.15372,1.15329,1.15371,
2026.08.11 13:00:00,1.15370,1.15383,1.15334,1.15365,BULL
2026.08.11 14:00:00,1.15365,1.15436,1.15345,1.15363,
2026.08.11 15:00:00,1.15364,1.15441,1.15338,1.15415,
2026.08.11 16:00:00,1.15415,1.15484,1.15391,1.15441,
2026.08.11 17:00:00,1.15440,1.15440,1.15377,1.15426,
2026.08.11 18:00:00,1.15425,1.15446,1.15364,1.15429,
2026.08.11 19:00:00,1.15434,1.15436,1.15391,1.15395,BEAR
2026.08.11 20:00:00,1.15396,1.15401,1.15343,1.15379,
2026.08.11 21:00:00,1.15380,1.15422,1.15354,1.15405,
2026.08.11 22:00:00,1.15404,1.15430,1.15399,1.15427,
2026.08.11 23:00:00,1.15428,1.15438,1.15392,1.15415,BULL
2026.08.12 00:00:00,1.15402,1.15412,1.15381,1.15400,
2026.08.12 01:00:00,1.15400,1.15435,1.15400,1.15434,
2026.08.12 02:00:00,1.15435,1.15437,1.15411,1.15436,
2026.08.12 03:00:00,1.15436,1.15447,1.15394,1.15407,
2026.08.12 04:00:00,1.15408,1.15409,1.15365,1.15384,BEAR
2026.08.12 05:00:00,1.15382,1.15398,1.15352,1.15384,
2026.08.12 06:00:00,1.15383,1.15388,1.15348,1.15353,
2026.08.12 07:00:00,1.15353,1.15363,1.15327,1.15357,
2026.08.12 08:00:00,1.15357,1.15360,1.15321,1.15338,
2026.08.12 09:00:00,1.15337,1.15373,1.15334,1.15372,
2026.08.12 10:00:00,1.15371,1.15394,1.15358,1.15374,BULL
2026.08.12 11:00:00,1.15373,1.15401,1.15346,1.15371,
2026.08.12 12:00:00,1.15372,1.15498,1.15347,1.15360,
2026.08.12 13:00:00,1.15360,1.15390,1.15325,1.15349,BEAR
2026.08.12 14:00:00,1.15349,1.15455,1.15339,1.15435,BULL
2026.08.12 15:00:00,1.15437,1.15623,1.15328,1.15593,
2026.08.12 16:00:00,1.15596,1.15629,1.15460,1.15522,
2026.08.12 17:00:00,1.15524,1.15544,1.15389,1.15430,
2026.08.12 18:00:00,1.15430,1.15439,1.15352,1.15394,BEAR
2026.08.12 19:00:00,1.15394,1.15401,1.15246,1.15281,
2026.08.12 20:00:00,1.15280,1.15307,1.15213,1.15215,
2026.08.12 21:00:00,1.15215,1.15269,1.15198,1.15210,
2026.08.12 22:00:00,1.15210,1.15246,1.15198,1.15224,
2026.08.12 23:00:00,1.15223,1.15262,1.15214,1.15249,
2026.08.13 00:00:00,1.15262,1.15269,1.15202,1.15219,BULL
2026.08.13 01:00:00,1.15217,1.15268,1.15217,1.15267,
2026.08.13 02:00:00,1.15268,1.15280,1.15261,1.15278,
2026.08.13 03:00:00,1.15278,1.15313,1.15265,1.15288,
2026.08.13 04:00:00,1.15287,1.15311,1.15233,1.15248,
2026.08.13 05:00:00,1.15248,1.15256,1.15198,1.15218,BEAR
2026.08.13 06:00:00,1.15218,1.15241,1.15201,1.15225,
2026.08.13 07:00:00,1.15225,1.15270,1.15198,1.15258,
2026.08.13 08:00:00,1.15257,1.15272,1.15233,1.15250,BULL
2026.08.13 09:00:00,1.15252,1.15261,1.15118,1.15181,
2026.08.13 10:00:00,1.15180,1.15278,1.15169,1.15256,BEAR
2026.08.13 11:00:00,1.15257,1.15285,1.15226,1.15240,
2026.08.13 12:00:00,1.15241,1.15347,1.15232,1.15342,BULL
2026.08.13 13:00:00,1.15343,1.15386,1.15338,1.15359,
2026.08.13 14:00:00,1.15358,1.15387,1.15325,1.15340,
2026.08.13 15:00:00,1.15342,1.15443,1.15255,1.15438,
2026.08.13 16:00:00,1.15440,1.15452,1.15305,1.15343,
2026.08.13 17:00:00,1.15343,1.15454,1.15314,1.15439,
2026.08.13 18:00:00,1.15440,1.15454,1.15302,1.15306,BEAR
2026.08.13 19:00:00,1.15307,1.15328,1.15242,1.15295,
2026.08.13 20:00:00,1.15294,1.15315,1.15256,1.15279,
2026.08.13 21:00:00,1.15279,1.15322,1.15262,1.15289,
2026.08.13 22:00:00,1.15289,1.15315,1.15276,1.15288,
2026.08.13 23:00:00,1.15287,1.15302,1.15262,1.15276,
2026.08.14 00:00:00,1.15272,1.15309,1.15247,1.15274,
2026.08.14 01:00:00,1.15284,1.15317,1.15273,1.15314,
2026.08.14 02:00:00,1.15314,1.15344,1.15313,1.15337,BULL
2026.08.14 03:00:00,1.15336,1.15390,1.15333,1.15384,
2026.08.14 04:00:00,1.15383,1.15383,1.15321,1.15340,
2026.08.14 05:00:00,1.15341,1.15374,1.15335,1.15342,
2026.08.14 06:00:00,1.15343,1.15395,1.15338,1.15372,BEAR
2026.08.14 07:00:00,1.15372,1.15403,1.15366,1.15387,BULL
2026.08.14 08:00:00,1.15388,1.15427,1.15382,1.15418,
2026.08.14 09:00:00,1.15418,1.15445,1.15388,1.15445,
2026.08.14 10:00:00,1.15444,1.15511,1.15430,1.15509,
2026.08.14 11:00:00,1.15508,1.15577,1.15504,1.15558,
2026.08.14 12:00:00,1.15558,1.15569,1.15510,1.15547,
2026.08.14 13:00:00,1.15548,1.15561,1.15520,1.15557,
2026.08.14 14:00:00,1.15556,1.15718,1.15556,1.15653,
2026.08.14 15:00:00,1.15654,1.15786,1.15626,1.15659,
2026.08.14 16:00:00,1.15660,1.15846,1.15621,1.15804,
2026.08.14 17:00:00,1.15805,1.15853,1.15769,1.15806,
2026.08.14 18:00:00,1.15809,1.15853,1.15770,1.15803,
2026.08.14 19:00:00,1.15804,1.15819,1.15701,1.15711,
2026.08.14 20:00:00,1.15712,1.15713,1.15629,1.15648,BEAR
2026.08.14 21:00:00,1.15647,1.15669,1.15632,1.15655,
2026.08.14 22:00:00,1.15654,1.15691,1.15645,1.15684,
2026.08.14 23:00:00,1.15685,1.15702,1.15669,1.15701,BULL
2026.08.17 00:00:00,1.15627,1.15658,1.15608,1.15623,
2026.08.17 01:00:00,1.15626,1.15752,1.15626,1.15748,
2026.08.17 02:00:00,1.15748,1.15758,1.15726,1.15737,
2026.08.17 03:00:00,1.15738,1.15810,1.15737,1.15801,
2026.08.17 04:00:00,1.15802,1.15837,1.15780,1.15835,
2026.08.17 05:00:00,1.15835,1.15844,1.15789,1.15796,
2026.08.17 06:00:00,1.15795,1.15836,1.15783,1.15835,
2026.08.17 07:00:00,1.15834,1.15880,1.15826,1.15847,
2026.08.17 08:00:00,1.15847,1.15893,1.15826,1.15873,
2026.08.17 09:00:00,1.15873,1.15968,1.15835,1.15957,
2026.08.17 10:00:00,1.15958,1.16119,1.15927,1.16067,
2026.08.17 11:00:00,1.16065,1.16141,1.15954,1.15989,
2026.08.17 12:00:00,1.15988,1.16023,1.15959,1.15970,
2026.08.17 13:00:00,1.15969,1.15984,1.15894,1.15904,BEAR
2026.08.17 14:00:00,1.15905,1.15954,1.15876,1.15923,
2026.08.17 15:00:00,1.15923,1.15977,1.15873,1.15975,
2026.08.17 16:00:00,1.15977,1.15998,1.15876,1.15947,BULL
2026.08.17 17:00:00,1.15948,1.15992,1.15860,1.15868,
2026.08.17 18:00:00,1.15868,1.15901,1.15817,1.15900,BEAR
2026.08.17 19:00:00,1.15901,1.15918,1.15851,1.15884,
2026.08.17 20:00:00,1.15883,1.15896,1.15760,1.15771,
2026.08.17 21:00:00,1.15772,1.15785,1.15710,1.15725,
2026.08.17 22:00:00,1.15729,1.15805,1.15722,1.15788,
2026.08.17 23:00:00,1.15787,1.15804,1.15771,1.15795,
2026.08.18 00:00:00,1.15830,1.15830,1.15769,1.15772,BULL
2026.08.18 01:00:00,1.15773,1.15801,1.15771,1.15787,
2026.08.18 02:00:00,1.15788,1.15837,1.15781,1.15826,
2026.08.18 03:00:00,1.15827,1.15850,1.15776,1.15823,
2026.08.18 04:00:00,1.15824,1.15857,1.15787,1.15796,
2026.08.18 05:00:00,1.15796,1.15804,1.15750,1.15802,
2026.08.18 06:00:00,1.15802,1.15803,1.15715,1.15732,BEAR
2026.08.18 07:00:00,1.15733,1.15747,1.15698,1.15713,
2026.08.18 08:00:00,1.15712,1.15743,1.15693,1.15730,
2026.08.18 09:00:00,1.15730,1.15747,1.15665,1.15720,
2026.08.18 10:00:00,1.15720,1.15776,1.15694,1.15739,BULL
2026.08.18 11:00:00,1.15740,1.15776,1.15690,1.15761,
2026.08.18 12:00:00,1.15762,1.15798,1.15726,1.15792,
2026.08.18 13:00:00,1.15792,1.15793,1.15739,1.15760,
2026.08.18 14:00:00,1.15762,1.15769,1.15725,1.15766,
2026.08.18 15:00:00,1.15767,1.15794,1.15715,1.15741,BEAR
2026.08.18 16:00:00,1.15740,1.15849,1.15703,1.15806,
2026.08.18 17:00:00,1.15806,1.15884,1.15804,1.15810,BULL
2026.08.18 18:00:00,1.15810,1.15863,1.15763,1.15791,
2026.08.18 19:00:00,1.15792,1.15855,1.15785,1.15795,
2026.08.18 20:00:00,1.15796,1.15803,1.15742,1.15766,BEAR
2026.08.18 21:00:00,1.15765,1.15788,1.15741,1.15756,
2026.08.18 22:00:00,1.15756,1.15808,1.15738,1.15747,
2026.08.18 23:00:00,1.15747,1.15763,1.15716,1.15752,
2026.08.19 00:00:00,1.15749,1.15780,1.15720,1.15736,
2026.08.19 01:00:00,1.15730,1.15769,1.15729,1.15763,
2026.08.19 02:00:00,1.15762,1.15784,1.15733,1.15762,BULL
2026.08.19 03:00:00,1.15763,1.15817,1.15733,1.15741,
2026.08.19 04:00:00,1.15739,1.15777,1.15701,1.15772,
2026.08.19 05:00:00,1.15772,1.15872,1.15765,1.15823,
2026.08.19 06:00:00,1.15824,1.15849,1.15809,1.15813,
2026.08.19 07:00:00,1.15813,1.15866,1.15806,1.15858,
2026.08.19 08:00:00,1.15857,1.15895,1.15845,1.15885,
2026.08.19 09:00:00,1.15884,1.15986,1.15878,1.15946,
2026.08.19 10:00:00,1.15947,1.15977,1.15915,1.15964,
2026.08.19 11:00:00,1.15965,1.16052,1.15954,1.15981,
2026.08.19 12:00:00,1.15981,1.16082,1.15964,1.16065,
2026.08.19 13:00:00,1.16064,1.16119,1.16051,1.16066,
2026.08.19 14:00:00,1.16064,1.16086,1.15994,1.16029,
2026.08.19 15:00:00,1.16029,1.16435,1.16024,1.16357,
2026.08.19 16:00:00,1.16356,1.16595,1.16355,1.16564,
2026.08.19 17:00:00,1.16564,1.16771,1.16538,1.16634,
2026.08.19 18:00:00,1.16634,1.16681,1.16568,1.16637,
2026.08.19 19:00:00,1.16638,1.16721,1.16634,1.16685,
2026.08.19 20:00:00,1.16684,1.16721,1.16584,1.16591,
2026.08.19 21:00:00,1.16591,1.16751,1.16587,1.16736,
2026.08.19 22:00:00,1.16735,1.16791,1.16699,1.16772,
2026.08.19 23:00:00,1.16773,1.16790,1.16750,1.16769,
2026.08.20 00:00:00,1.16762,1.16790,1.16730,1.16751,
2026.08.20 01:00:00,1.16754,1.16804,1.16748,1.16751,
2026.08.20 02:00:00,1.16752,1.16775,1.16727,1.16743,BEAR
2026.08.20 03:00:00,1.16744,1.16799,1.16721,1.16744,
2026.08.20 04:00:00,1.16743,1.16825,1.16699,1.16764,
2026.08.20 05:00:00,1.16764,1.16838,1.16727,1.16750,BULL
2026.08.20 06:00:00,1.16751,1.16801,1.16741,1.16795,
2026.08.20 07:00:00,1.16794,1.16803,1.16715,1.16728,
2026.08.20 08:00:00,1.16730,1.16774,1.16701,1.16761,
2026.08.20 09:00:00,1.16762,1.16883,1.16733,1.16880,
2026.08.20 10:00:00,1.16877,1.16935,1.16782,1.16927,
2026.08.20 11:00:00,1.16926,1.16998,1.16887,1.16985,
2026.08.20 12:00:00,1.16986,1.17096,1.16955,1.17070,
2026.08.20 13:00:00,1.17070,1.17106,1.16942,1.16970,
2026.08.20 14:00:00,1.16969,1.16981,1.16827,1.16845,
2026.08.20 15:00:00,1.16846,1.16902,1.16778,1.16886,BEAR
2026.08.20 16:00:00,1.16888,1.16947,1.16749,1.16753,
2026.08.20 17:00:00,1.16752,1.16852,1.16708,1.16829,
2026.08.20 18:00:00,1.16829,1.16937,1.16722,1.16790,
2026.08.20 19:00:00,1.16791,1.16799,1.16692,1.16732,
2026.08.20 20:00:00,1.16733,1.16751,1.16701,1.16745,
2026.08.20 21:00:00,1.16746,1.16765,1.16707,1.16761,
2026.08.20 22:00:00,1.16760,1.16784,1.16732,1.16780,BULL
2026.08.20 23:00:00,1.16779,1.16798,1.16759,1.16779,
2026.08.21 00:00:00,1.16781,1.16792,1.16757,1.16764,
2026.08.21 01:00:00,1.16761,1.16843,1.16761,1.16833,
2026.08.21 02:00:00,1.16833,1.16880,1.16832,1.16875,
2026.08.21 03:00:00,1.16876,1.16898,1.16828,1.16832,
2026.08.21 04:00:00,1.16833,1.16930,1.16828,1.16904,
2026.08.21 05:00:00,1.16904,1.17008,1.16879,1.16959,
2026.08.21 06:00:00,1.16959,1.16983,1.16915,1.16942,
2026.08.21 07:00:00,1.16942,1.16954,1.16910,1.16931,
2026.08.21 08:00:00,1.16931,1.16993,1.16901,1.16979,
2026.08.21 09:00:00,1.16980,1.16983,1.16902,1.16980,
2026.08.21 10:00:00,1.16979,1.17004,1.16867,1.16908,
2026.08.21 11:00:00,1.16908,1.17063,1.16892,1.17053,
2026.08.21 12:00:00,1.17052,1.17115,1.17000,1.17001,
2026.08.21 13:00:00,1.17002,1.17106,1.16990,1.17020,
2026.08.21 14:00:00,1.17019,1.17097,1.16961,1.17007,
2026.08.21 15:00:00,1.17008,1.17031,1.16851,1.16905,BEAR
2026.08.21 16:00:00,1.16906,1.16912,1.16787,1.16833,
2026.08.21 17:00:00,1.16832,1.16833,1.16687,1.16730,
2026.08.21 18:00:00,1.16728,1.16838,1.16705,1.16830,
2026.08.21 19:00:00,1.16833,1.16876,1.16797,1.16818,
2026.08.21 20:00:00,1.16818,1.16829,1.16772,1.16803,BULL
2026.08.21 21:00:00,1.16804,1.16840,1.16800,1.16827,
2026.08.21 22:00:00,1.16828,1.16831,1.16776,1.16788,BEAR
2026.08.21 23:00:00,1.16787,1.16792,1.16741,1.16750,
2026.08.24 00:00:00,1.16757,1.16785,1.16741,1.16757,
2026.08.24 01:00:00,1.16770,1.16799,1.16724,1.16756,
2026.08.24 02:00:00,1.16757,1.16825,1.16745,1.16824,BULL
2026.08.24 03:00:00,1.16823,1.16871,1.16820,1.16852,
2026.08.24 04:00:00,1.16851,1.16864,1.16765,1.16818,
2026.08.24 05:00:00,1.16817,1.16848,1.16794,1.16819,
2026.08.24 06:00:00,1.16819,1.16821,1.16779,1.16797,BEAR
2026.08.24 07:00:00,1.16797,1.16826,1.16752,1.16825,
2026.08.24 08:00:00,1.16826,1.16830,1.16758,1.16805,
2026.08.24 09:00:00,1.16803,1.16808,1.16740,1.16777,
2026.08.24 10:00:00,1.16776,1.16805,1.16646,1.16671,
2026.08.24 11:00:00,1.16672,1.16683,1.16605,1.16631,
2026.08.24 12:00:00,1.16630,1.16670,1.16602,1.16644,
2026.08.24 13:00:00,1.16643,1.16669,1.16619,1.16643,
2026.08.24 14:00:00,1.16641,1.16735,1.16628,1.16669,BULL
2026.08.24 15:00:00,1.16668,1.16737,1.16619,1.16692,
2026.08.24 16:00:00,1.16691,1.16747,1.16637,1.16651,
2026.08.24 17:00:00,1.16650,1.16719,1.16630,1.16655,
2026.08.24 18:00:00,1.16655,1.16724,1.16636,1.16646,BEAR
2026.08.24 19:00:00,1.16645,1.16695,1.16627,1.16649,
2026.08.24 20:00:00,1.16650,1.16667,1.16552,1.16593,
2026.08.24 21:00:00,1.16594,1.16654,1.16571,1.16640,
2026.08.24 22:00:00,1.16639,1.16639,1.16592,1.16613,
2026.08.24 23:00:00,1.16613,1.16643,1.16604,1.16635,BULL
2026.08.25 00:00:00,1.16624,1.16652,1.16610,1.16629,
2026.08.25 01:00:00,1.16609,1.16652,1.16608,1.16645,
2026.08.25 02:00:00,1.16645,1.16685,1.16640,1.16680,
2026.08.25 03:00:00,1.16680,1.16709,1.16671,1.16687,
2026.08.25 04:00:00,1.16687,1.16688,1.16617,1.16631,
2026.08.25 05:00:00,1.16631,1.16648,1.16588,1.16605,BEAR
2026.08.25 06:00:00,1.16605,1.16623,1.16585,1.16604,
2026.08.25 07:00:00,1.16603,1.16605,1.16548,1.16558,
2026.08.25 08:00:00,1.16558,1.16567,1.16529,1.16536,
2026.08.25 09:00:00,1.16534,1.16590,1.16511,1.16527,
2026.08.25 10:00:00,1.16527,1.16630,1.16525,1.16586,
2026.08.25 11:00:00,1.16588,1.16678,1.16575,1.16674,BULL
2026.08.25 12:00:00,1.16672,1.16738,1.16659,1.16681,
2026.08.25 13:00:00,1.16680,1.16684,1.16592,1.16623,
2026.08.25 14:00:00,1.16622,1.16647,1.16584,1.16596,
2026.08.25 15:00:00,1.16597,1.16664,1.16596,1.16663,BEAR
2026.08.25 16:00:00,1.16663,1.16754,1.16642,1.16727,BULL
2026.08.25 17:00:00,1.16727,1.16748,1.16660,1.16696,
2026.08.25 18:00:00,1.16696,1.16756,1.16670,1.16731,
2026.08.25 19:00:00,1.16730,1.16740,1.16679,1.16713,
2026.08.25 20:00:00,1.16714,1.16747,1.16691,1.16742,
2026.08.25 21:00:00,1.16743,1.16752,1.16717,1.16741,
2026.08.25 22:00:00,1.16740,1.16788,1.16688,1.16762,
2026.08.25 23:00:00,1.16763,1.16796,1.16728,1.16735,
2026.08.26 00:00:00,1.16749,1.16775,1.16701,1.16727,BEAR
2026.08.26 01:00:00,1.16727,1.16770,1.16716,1.16767,
2026.08.26 02:00:00,1.16766,1.16768,1.16724,1.16744,
2026.08.26 03:00:00,1.16743,1.16758,1.16709,1.16726,BULL
2026.08.26 04:00:00,1.16726,1.16741,1.16687,1.16702,BEAR
2026.08.26 05:00:00,1.16703,1.16729,1.16667,1.16675,
2026.08.26 06:00:00,1.16676,1.16684,1.16638,1.16647,
2026.08.26 07:00:00,1.16647,1.16649,1.16605,1.16621,
2026.08.26 08:00:00,1.16622,1.16669,1.16606,1.16643,
2026.08.26 09:00:00,1.16644,1.16674,1.16599,1.16668,
2026.08.26 10:00:00,1.16669,1.16731,1.16669,1.16709,BULL
2026.08.26 11:00:00,1.16710,1.16770,1.16695,1.16712,
2026.08.26 12:00:00,1.16708,1.16712,1.16635,1.16662,
2026.08.26 13:00:00,1.16661,1.16664,1.16610,1.16619,BEAR
2026.08.26 14:00:00,1.16618,1.16693,1.16602,1.16689,
2026.08.26 15:00:00,1.16689,1.16747,1.16555,1.16559,
2026.08.26 16:00:00,1.16560,1.16588,1.16514,1.16527,
2026.08.26 17:00:00,1.16528,1.16533,1.16420,1.16451,
2026.08.26 18:00:00,1.16451,1.16543,1.16448,1.16505,
2026.08.26 19:00:00,1.16505,1.16543,1.16488,1.16496,
2026.08.26 20:00:00,1.16495,1.16544,1.16486,1.16527,BULL
2026.08.26 21:00:00,1.16527,1.16544,1.16500,1.16514,
2026.08.26 22:00:00,1.16513,1.16538,1.16501,1.16533,
2026.08.26 23:00:00,1.16534,1.16550,1.16509,1.16509,
2026.08.27 00:00:00,1.16499,1.16542,1.16463,1.16533,
2026.08.27 01:00:00,1.16533,1.16551,1.16519,1.16540,
2026.08.27 02:00:00,1.16541,1.16564,1.16527,1.16555,
2026.08.27 03:00:00,1.16556,1.16582,1.16537,1.16564,
2026.08.27 04:00:00,1.16564,1.16590,1.16552,1.16579,
2026.08.27 05:00:00,1.16579,1.16595,1.16544,1.16556,
2026.08.27 06:00:00,1.16555,1.16564,1.16534,1.16543,BEAR
2026.08.27 07:00:00,1.16543,1.16560,1.16540,1.16554,
2026.08.27 08:00:00,1.16555,1.16576,1.16518,1.16544,
2026.08.27 09:00:00,1.16543,1.16558,1.16520,1.16535,
2026.08.27 10:00:00,1.16534,1.16563,1.16518,1.16549,
2026.08.27 11:00:00,1.16549,1.16580,1.16476,1.16482,
2026.08.27 12:00:00,1.16481,1.16484,1.16404,1.16408,
2026.08.27 13:00:00,1.16409,1.16482,1.16384,1.16397,
2026.08.27 14:00:00,1.16397,1.16441,1.16365,1.16409,
2026.08.27 15:00:00,1.16414,1.16457,1.16396,1.16411,
2026.08.27 16:00:00,1.16411,1.16599,1.16400,1.16538,BULL
2026.08.27 17:00:00,1.16539,1.16580,1.16445,1.16447,
2026.08.27 18:00:00,1.16446,1.16542,1.16444,1.16532,
2026.08.27 19:00:00,1.16531,1.16545,1.16493,1.16520,
2026.08.27 20:00:00,1.16521,1.16539,1.16469,1.16490,
2026.08.27 21:00:00,1.16490,1.16499,1.16460,1.16488,
2026.08.27 22:00:00,1.16489,1.16505,1.16472,1.16494,BEAR
2026.08.27 23:00:00,1.16493,1.16524,1.16490,1.16515,
2026.08.28 00:00:00,1.16505,1.16547,1.16463,1.16465,BULL
2026.08.28 01:00:00,1.16473,1.16547,1.16473,1.16533,
2026.08.28 02:00:00,1.16534,1.16549,1.16522,1.16536,
2026.08.28 03:00:00,1.16537,1.16544,1.16504,1.16529,
2026.08.28 04:00:00,1.16530,1.16554,1.16493,1.16497,
2026.08.28 05:00:00,1.16497,1.16508,1.16462,1.16507,BEAR
2026.08.28 06:00:00,1.16507,1.16514,1.16454,1.16463,
2026.08.28 07:00:00,1.16463,1.16466,1.16449,1.16455,
2026.08.28 08:00:00,1.16455,1.16459,1.16425,1.16444,
2026.08.28 09:00:00,1.16445,1.16492,1.16431,1.16482,
2026.08.28 10:00:00,1.16482,1.16488,1.16417,1.16465,BULL
2026.08.28 11:00:00,1.16465,1.16489,1.16417,1.16444,
2026.08.28 12:00:00,1.16443,1.16451,1.16397,1.16399,BEAR
2026.08.28 13:00:00,1.16398,1.16491,1.16393,1.16491,
2026.08.28 14:00:00,1.16491,1.16495,1.16444,1.16451,
2026.08.28 15:00:00,1.16453,1.16504,1.16393,1.16490,BULL
2026.08.28 16:00:00,1.16489,1.16500,1.16352,1.16366,BEAR
2026.08.28 17:00:00,1.16367,1.16584,1.15945,1.16174,
2026.08.28 18:00:00,1.16174,1.16206,1.15963,1.15977,
2026.08.28 19:00:00,1.15976,1.15982,1.15846,1.15868,
2026.08.28 20:00:00,1.15866,1.15891,1.15777,1.15808,
2026.08.28 21:00:00,1.15807,1.15844,1.15776,1.15803,
2026.08.28 22:00:00,1.15802,1.15877,1.15796,1.15858,
2026.08.28 23:00:00,1.15857,1.15866,1.15792,1.15830,
2026.08.31 00:00:00,1.15769,1.15807,1.15762,1.15763,BULL
2026.08.31 01:00:00,1.15770,1.15851,1.15765,1.15843,BEAR
2026.08.31 02:00:00,1.15843,1.15893,1.15834,1.15888,
2026.08.31 03:00:00,1.15888,1.15937,1.15855,1.15921,BULL
2026.08.31 04:00:00,1.15922,1.15943,1.15869,1.15906,
2026.08.31 05:00:00,1.15907,1.15928,1.15881,1.15924,
2026.08.31 06:00:00,1.15925,1.15937,1.15890,1.15913,
2026.08.31 07:00:00,1.15914,1.15928,1.15885,1.15909,
2026.08.31 08:00:00,1.15910,1.15913,1.15872,1.15904,BEAR
2026.08.31 09:00:00,1.15905,1.15914,1.15847,1.15889,
2026.08.31 10:00:00,1.15889,1.16033,1.15847,1.16026,BULL
2026.08.31 11:00:00,1.16021,1.16058,1.15930,1.15940,
2026.08.31 12:00:00,1.15941,1.16010,1.15941,1.15992,
2026.08.31 13:00:00,1.15993,1.16021,1.15966,1.15972,
2026.08.31 14:00:00,1.15971,1.16029,1.15957,1.15964,BEAR
2026.08.31 15:00:00,1.15963,1.16001,1.15916,1.15953,
2026.08.31 16:00:00,1.15953,1.16010,1.15937,1.15997,
2026.08.31 17:00:00,1.15998,1.16182,1.15951,1.16141,BULL
2026.08.31 18:00:00,1.16141,1.16207,1.16122,1.16164,
2026.08.31 19:00:00,1.16165,1.16178,1.16137,1.16164,
2026.08.31 20:00:00,1.16165,1.16179,1.16145,1.16154,
2026.08.31 21:00:00,1.16153,1.16177,1.16144,1.16155,
2026.08.31 22:00:00,1.16156,1.16184,1.16145,1.16163,BEAR
2026.08.31 23:00:00,1.16164,1.16180,1.16142,1.16170,BULL
2026.09.01 00:00:00,1.16172,1.16185,1.16152,1.16177,
2026.09.01 01:00:00,1.16187,1.16189,1.16141,1.16149,
2026.09.01 02:00:00,1.16149,1.16183,1.16126,1.16183,
