time_mt5,direction,open,high,low,close
2026.08.03 04:00:00,BEAR,1.15424,1.15458,1.15298,1.15322
2026.08.03 08:00:00,BULL,1.15342,1.15376,1.15317,1.15371
2026.08.03 10:00:00,BEAR,1.15268,1.15322,1.15206,1.15261
2026.08.03 14:00:00,BULL,1.15221,1.15325,1.15206,1.15325
2026.08.03 17:00:00,BEAR,1.15278,1.15278,1.15101,1.15140
2026.08.03 22:00:00,BULL,1.15135,1.15147,1.15094,1.15103
2026.08.04 01:00:00,BEAR,1.15071,1.15108,1.15066,1.15089
2026.08.04 05:00:00,BULL,1.15123,1.15137,1.15075,1.15079
2026.08.04 07:00:00,BEAR,1.15082,1.15109,1.15058,1.15104
2026.08.04 09:00:00,BULL,1.15071,1.15105,1.15037,1.15073
2026.08.04 10:00:00,BEAR,1.15074,1.15170,1.15062,1.15109
2026.08.04 12:00:00,BULL,1.15079,1.15112,1.15033,1.15080
2026.08.04 20:00:00,BEAR,1.15186,1.15264,1.15185,1.15240
2026.08.04 21:00:00,BULL,1.15239,1.15337,1.15226,1.15328
2026.08.05 01:00:00,BEAR,1.15297,1.15330,1.15296,1.15328
2026.08.05 02:00:00,BULL,1.15328,1.15333,1.15297,1.15318
2026.08.05 04:00:00,BEAR,1.15315,1.15317,1.15268,1.15271
2026.08.05 06:00:00,BULL,1.15348,1.15404,1.15346,1.15372
2026.08.05 12:00:00,BEAR,1.15356,1.15426,1.15336,1.15397
2026.08.05 14:00:00,BULL,1.15399,1.15553,1.15399,1.15527
2026.08.05 18:00:00,BEAR,1.15535,1.15566,1.15429,1.15460
2026.08.05 19:00:00,BULL,1.15461,1.15493,1.15426,1.15458
2026.08.06 00:00:00,BEAR,1.15532,1.15567,1.15485,1.15497
2026.08.06 01:00:00,BULL,1.15508,1.15550,1.15498,1.15546
2026.08.06 05:00:00,BEAR,1.15550,1.15580,1.15524,1.15537
2026.08.06 15:00:00,BULL,1.15451,1.15455,1.15367,1.15387
2026.08.06 17:00:00,BEAR,1.15429,1.15442,1.15305,1.15352
2026.08.06 22:00:00,BULL,1.15240,1.15257,1.15171,1.15231
2026.08.07 00:00:00,BEAR,1.15235,1.15237,1.15182,1.15193
2026.08.07 04:00:00,BULL,1.15193,1.15255,1.15184,1.15216
2026.08.07 05:00:00,BEAR,1.15216,1.15235,1.15204,1.15213
2026.08.07 06:00:00,BULL,1.15212,1.15233,1.15198,1.15233
2026.08.07 10:00:00,BEAR,1.15221,1.15242,1.15176,1.15223
2026.08.07 12:00:00,BULL,1.15235,1.15312,1.15229,1.15291
2026.08.07 19:00:00,BEAR,1.15586,1.15672,1.15574,1.15590
2026.08.07 20:00:00,BULL,1.15589,1.15635,1.15575,1.15611
2026.08.10 00:00:00,BEAR,1.15611,1.15672,1.15588,1.15600
2026.08.10 09:00:00,BULL,1.15543,1.15575,1.15523,1.15549
2026.08.10 13:00:00,BEAR,1.15567,1.15580,1.15543,1.15554
2026.08.10 19:00:00,BULL,1.15516,1.15542,1.15450,1.15470
2026.08.10 20:00:00,BEAR,1.15471,1.15475,1.15410,1.15427
2026.08.11 01:00:00,BULL,1.15425,1.15449,1.15407,1.15438
2026.08.11 05:00:00,BEAR,1.15461,1.15465,1.15387,1.15398
2026.08.11 13:00:00,BULL,1.15370,1.15383,1.15334,1.15365
2026.08.11 19:00:00,BEAR,1.15434,1.15436,1.15391,1.15395
2026.08.11 23:00:00,BULL,1.15428,1.15438,1.15392,1.15415
2026.08.12 04:00:00,BEAR,1.15408,1.15409,1.15365,1.15384
2026.08.12 10:00:00,BULL,1.15371,1.15394,1.15358,1.15374
2026.08.12 13:00:00,BEAR,1.15360,1.15390,1.15325,1.15349
2026.08.12 14:00:00,BULL,1.15349,1.15455,1.15339,1.15435
2026.08.12 18:00:00,BEAR,1.15430,1.15439,1.15352,1.15394
2026.08.13 00:00:00,BULL,1.15262,1.15269,1.15202,1.15219
2026.08.13 05:00:00,BEAR,1.15248,1.15256,1.15198,1.15218
2026.08.13 08:00:00,BULL,1.15257,1.15272,1.15233,1.15250
2026.08.13 10:00:00,BEAR,1.15180,1.15278,1.15169,1.15256
2026.08.13 12:00:00,BULL,1.15241,1.15347,1.15232,1.15342
2026.08.13 18:00:00,BEAR,1.15440,1.15454,1.15302,1.15306
2026.08.14 02:00:00,BULL,1.15314,1.15344,1.15313,1.15337
2026.08.14 06:00:00,BEAR,1.15343,1.15395,1.15338,1.15372
2026.08.14 07:00:00,BULL,1.15372,1.15403,1.15366,1.15387
2026.08.14 20:00:00,BEAR,1.15712,1.15713,1.15629,1.15648
2026.08.14 23:00:00,BULL,1.15685,1.15702,1.15669,1.15701
2026.08.17 13:00:00,BEAR,1.15969,1.15984,1.15894,1.15904
2026.08.17 16:00:00,BULL,1.15977,1.15998,1.15876,1.15947
2026.08.17 18:00:00,BEAR,1.15868,1.15901,1.15817,1.15900
2026.08.18 00:00:00,BULL,1.15830,1.15830,1.15769,1.15772
2026.08.18 06:00:00,BEAR,1.15802,1.15803,1.15715,1.15732
2026.08.18 10:00:00,BULL,1.15720,1.15776,1.15694,1.15739
2026.08.18 15:00:00,BEAR,1.15767,1.15794,1.15715,1.15741
2026.08.18 17:00:00,BULL,1.15806,1.15884,1.15804,1.15810
2026.08.18 20:00:00,BEAR,1.15796,1.15803,1.15742,1.15766
2026.08.19 02:00:00,BULL,1.15762,1.15784,1.15733,1.15762
2026.08.20 02:00:00,BEAR,1.16752,1.16775,1.16727,1.16743
2026.08.20 05:00:00,BULL,1.16764,1.16838,1.16727,1.16750
2026.08.20 15:00:00,BEAR,1.16846,1.16902,1.16778,1.16886
2026.08.20 22:00:00,BULL,1.16760,1.16784,1.16732,1.16780
2026.08.21 15:00:00,BEAR,1.17008,1.17031,1.16851,1.16905
2026.08.21 20:00:00,BULL,1.16818,1.16829,1.16772,1.16803
2026.08.21 22:00:00,BEAR,1.16828,1.16831,1.16776,1.16788
2026.08.24 02:00:00,BULL,1.16757,1.16825,1.16745,1.16824
2026.08.24 06:00:00,BEAR,1.16819,1.16821,1.16779,1.16797
2026.08.24 14:00:00,BULL,1.16641,1.16735,1.16628,1.16669
2026.08.24 18:00:00,BEAR,1.16655,1.16724,1.16636,1.16646
2026.08.24 23:00:00,BULL,1.16613,1.16643,1.16604,1.16635
2026.08.25 05:00:00,BEAR,1.16631,1.16648,1.16588,1.16605
2026.08.25 11:00:00,BULL,1.16588,1.16678,1.16575,1.16674
2026.08.25 15:00:00,BEAR,1.16597,1.16664,1.16596,1.16663
2026.08.25 16:00:00,BULL,1.16663,1.16754,1.16642,1.16727
2026.08.26 00:00:00,BEAR,1.16749,1.16775,1.16701,1.16727
2026.08.26 03:00:00,BULL,1.16743,1.16758,1.16709,1.16726
2026.08.26 04:00:00,BEAR,1.16726,1.16741,1.16687,1.16702
2026.08.26 10:00:00,BULL,1.16669,1.16731,1.16669,1.16709
2026.08.26 13:00:00,BEAR,1.16661,1.16664,1.16610,1.16619
2026.08.26 20:00:00,BULL,1.16495,1.16544,1.16486,1.16527
2026.08.27 06:00:00,BEAR,1.16555,1.16564,1.16534,1.16543
2026.08.27 16:00:00,BULL,1.16411,1.16599,1.16400,1.16538
2026.08.27 22:00:00,BEAR,1.16489,1.16505,1.16472,1.16494
2026.08.28 00:00:00,BULL,1.16505,1.16547,1.16463,1.16465
2026.08.28 05:00:00,BEAR,1.16497,1.16508,1.16462,1.16507
2026.08.28 10:00:00,BULL,1.16482,1.16488,1.16417,1.16465
2026.08.28 12:00:00,BEAR,1.16443,1.16451,1.16397,1.16399
2026.08.28 15:00:00,BULL,1.16453,1.16504,1.16393,1.16490
2026.08.28 16:00:00,BEAR,1.16489,1.16500,1.16352,1.16366
2026.08.31 00:00:00,BULL,1.15769,1.15807,1.15762,1.15763
2026.08.31 01:00:00,BEAR,1.15770,1.15851,1.15765,1.15843
2026.08.31 03:00:00,BULL,1.15888,1.15937,1.15855,1.15921
2026.08.31 08:00:00,BEAR,1.15910,1.15913,1.15872,1.15904
2026.08.31 10:00:00,BULL,1.15889,1.16033,1.15847,1.16026
2026.08.31 14:00:00,BEAR,1.15971,1.16029,1.15957,1.15964
2026.08.31 17:00:00,BULL,1.15998,1.16182,1.15951,1.16141
2026.08.31 22:00:00,BEAR,1.16156,1.16184,1.16145,1.16163
2026.08.31 23:00:00,BULL,1.16164,1.16180,1.16142,1.16170
